,Time,Extension,Load,Elastic Modulus
,(sec),(mm),(N),
,,,,
0,0.0,0.50613,0.03304,
1,0.05,0.5052,0.03088,
2,0.1,0.49747,0.03161,
3,0.15,0.48733,0.03286,
4,0.2,0.47733,0.03174,
5,0.25,0.46787,0.03296,
6,0.3,0.45867,0.03167,
7,0.35,0.44973,0.03118,
8,0.4,0.44093,0.03326,
9,0.45,0.43227,0.03059,
10,0.5,0.42373,0.03354,
11,0.55,0.41507,0.03233,
12,0.6,0.40667,0.0311,
13,0.65,0.3984,0.03205,
14,0.7,0.38973,0.03195,
15,0.75,0.38133,0.03131,
16,0.8,0.3732,0.03372,
17,0.85,0.3648,0.03115,
18,0.9,0.35627,0.03203,
19,0.95,0.34813,0.03203,
20,1.0,0.33987,0.03242,
21,1.05,0.33133,0.03081,
22,1.1,0.3232,0.03266,
23,1.15,0.31493,0.03088,
24,1.2,0.30653,0.03313,
25,1.25,0.29813,0.02964,
26,1.3,0.28973,0.03318,
27,1.35,0.28133,0.03066,
28,1.4,0.27307,0.03355,
29,1.45,0.26453,0.0303,
30,1.5,0.25627,0.03454,
31,1.55,0.24813,0.02989,
32,1.6,0.23947,0.03457,
33,1.65,0.2312,0.02969,
34,1.7,0.2232,0.03465,
35,1.75,0.2148,0.02988,
36,1.8,0.20613,0.0355,
37,1.85,0.19813,0.02773,
38,1.9,0.18987,0.03339,
39,1.95,0.1812,0.02551,
40,2.0,0.17293,0.02899,
41,2.05,0.16467,0.02159,
42,2.1,0.156,0.02656,
43,2.15,0.14773,0.01872,
44,2.2,0.1396,0.02183,
45,2.25,0.1312,0.01482,
46,2.3,0.12293,0.01921,
47,2.35,0.11453,0.012,
48,2.4,0.10627,0.01422,
49,2.45,0.09813,0.00741,
50,2.5,0.08947,0.01141,
51,2.55,0.0812,0.00367,
52,2.6,0.0732,0.00859,
53,2.65,0.06467,-0.00124,
54,2.7,0.05627,0.0025,
55,2.75,0.04827,-0.00416,
56,2.8,0.03987,-0.00124,
57,2.85,0.03107,-0.01054,
58,2.9,0.02293,-0.00625,
59,2.95,0.01467,-0.01485,
60,3.0,0.00613,-0.01158,
61,3.05,-0.00213,-0.02071,
62,3.1,-0.0104,-0.01512,
63,3.15,-0.0188,-0.0285,
64,3.2,-0.02707,-0.02131,
65,3.25,-0.0352,-0.03267,
66,3.3,-0.04347,-0.02735,
67,3.35,-0.05187,-0.03905,
68,3.4,-0.0604,-0.03362,
69,3.45,-0.06867,-0.04288,
70,3.5,-0.0768,-0.04009,
71,3.55,-0.08533,-0.04893,
72,3.6,-0.09387,-0.04588,
73,3.65,-0.102,-0.05322,
74,3.7,-0.1104,-0.05301,
75,3.75,-0.11893,-0.05746,
76,3.8,-0.1272,-0.05874,
77,3.85,-0.1352,-0.06323,
78,3.9,-0.14387,-0.06342,
79,3.95,-0.15227,-0.06969,
80,4.0,-0.1604,-0.06918,
81,4.05,-0.16867,-0.07415,
82,4.1,-0.1772,-0.0749,
83,4.15,-0.18533,-0.07927,
84,4.2,-0.19347,-0.07994,
85,4.25,-0.202,-0.07803,
86,4.3,-0.21027,-0.10248,
87,4.35,-0.21853,-0.07375,
88,4.4,-0.22693,-0.10178,
89,4.45,-0.23533,-0.08906,
90,4.5,-0.24373,-0.10042,
91,4.55,-0.25213,-0.09916,
92,4.6,-0.2604,-0.10486,
93,4.65,-0.2688,-0.10463,
94,4.7,-0.2772,-0.1093,
95,4.75,-0.28533,-0.11203,
96,4.8,-0.29373,-0.11346,
97,4.85,-0.30213,-0.11757,
98,4.9,-0.31013,-0.12199,
99,4.95,-0.31853,-0.1174,
100,5.0,-0.3272,-0.13251,
101,5.05,-0.3352,-0.1228,
102,5.1,-0.34333,-0.13523,
103,5.15,-0.352,-0.13284,
104,5.2,-0.36027,-0.13733,
105,5.25,-0.36853,-0.14131,
106,5.3,-0.37707,-0.14369,
107,5.35,-0.38547,-0.14497,
108,5.4,-0.39373,-0.15164,
109,5.45,-0.40213,-0.15206,
110,5.5,-0.4104,-0.15756,
111,5.55,-0.41893,-0.15674,
112,5.6,-0.4272,-0.16663,
113,5.65,-0.4352,-0.16287,
114,5.7,-0.44373,-0.17503,
115,5.75,-0.45213,-0.1683,
116,5.8,-0.46013,-0.18222,
117,5.85,-0.46853,-0.17726,
118,5.9,-0.47707,-0.18643,
119,5.95,-0.4852,-0.18701,
120,6.0,-0.4936,-0.1931,
121,6.05,-0.50227,-0.19409,
122,6.1,-0.5104,-0.20058,
123,6.15,-0.51867,-0.20102,
124,6.2,-0.5272,-0.20702,
125,6.25,-0.53547,-0.20944,
126,6.3,-0.54373,-0.21272,
127,6.35,-0.55227,-0.2173,
128,6.4,-0.56053,-0.2198,
129,6.45,-0.5688,-0.22352,
130,6.5,-0.57707,-0.22757,
131,6.55,-0.58533,-0.22985,
132,6.6,-0.59373,-0.23445,
133,6.65,-0.60213,-0.23821,
134,6.7,-0.61027,-0.23881,
135,6.75,-0.61867,-0.24741,
136,6.8,-0.62707,-0.24596,
137,6.85,-0.63533,-0.25372,
138,6.9,-0.64373,-0.25376,
139,6.95,-0.65227,-0.26125,
140,7.0,-0.66053,-0.26205,
141,7.05,-0.66867,-0.2664,
142,7.1,-0.67706,-0.27013,
143,7.15,-0.68546,-0.27481,
144,7.2,-0.6936,-0.27677,
145,7.25,-0.70186,-0.28166,
146,7.3,-0.7104,-0.28617,
147,7.35,-0.71853,-0.28965,
148,7.4,-0.7268,-0.29305,
149,7.45,-0.73533,-0.29829,
150,7.5,-0.7436,-0.30013,
151,7.55,-0.75186,-0.30607,
152,7.6,-0.7604,-0.31056,
153,7.65,-0.76866,-0.31414,
154,7.7,-0.77706,-0.31796,
155,7.75,-0.78533,-0.3228,
156,7.8,-0.7936,-0.32512,
157,7.85,-0.80213,-0.33377,
158,7.9,-0.81053,-0.3318,
159,7.95,-0.81866,-0.34257,
160,8.0,-0.82706,-0.34119,
161,8.05,-0.83546,-0.35071,
162,8.1,-0.84346,-0.34865,
163,8.15,-0.85186,-0.35791,
164,8.2,-0.8604,-0.35874,
165,8.25,-0.86853,-0.36751,
166,8.3,-0.87666,-0.36647,
167,8.35,-0.88533,-0.37641,
168,8.4,-0.89373,-0.37666,
169,8.45,-0.90186,-0.38547,
170,8.5,-0.9104,-0.38471,
171,8.55,-0.9188,-0.39532,
172,8.6,-0.92693,-0.394,
173,8.65,-0.93546,-0.40426,
174,8.7,-0.94373,-0.40348,
175,8.75,-0.95213,-0.41318,
176,8.8,-0.96053,-0.41409,
177,8.85,-0.96853,-0.42165,
178,8.9,-0.9772,-0.42479,
179,8.95,-0.9856,-0.43045,
180,9.0,-0.99346,-0.43387,
181,9.05,-1.002,-0.44002,
182,9.1,-1.0104,-0.4438,
183,9.15,-1.0184,-0.44982,
184,9.2,-1.02693,-0.45505,
185,9.25,-1.0356,-0.46045,
186,9.3,-1.04386,-0.46594,
187,9.35,-1.052,-0.46979,
188,9.4,-1.06066,-0.4768,
189,9.45,-1.0688,-0.48069,
190,9.5,-1.07706,-0.48682,
191,9.55,-1.08546,-0.49082,
192,9.6,-1.09386,-0.49849,
193,9.65,-1.10213,-0.50161,
194,9.7,-1.1104,-0.50886,
195,9.75,-1.11866,-0.51308,
196,9.8,-1.12706,-0.51963,
197,9.85,-1.1352,-0.5235,
198,9.9,-1.14346,-0.5304,
199,9.95,-1.15186,-0.53679,
200,10.0,-1.1604,-0.54133,
201,10.05,-1.16866,-0.54753,
202,10.1,-1.17693,-0.55321,
203,10.15,-1.18546,-0.55945,
204,10.2,-1.19373,-0.56497,
205,10.25,-1.20186,-0.57029,
206,10.3,-1.2104,-0.57719,
207,10.35,-1.21893,-0.58271,
208,10.4,-1.22693,-0.58886,
209,10.45,-1.2352,-0.59365,
210,10.5,-1.24373,-0.6005,
211,10.55,-1.252,-0.60403,
212,10.6,-1.26013,-0.60849,
213,10.65,-1.26866,-0.61179,
214,10.7,-1.27693,-0.61503,
215,10.75,-1.2852,-0.61687,
216,10.8,-1.2936,-0.62442,
217,10.85,-1.302,-0.62791,
218,10.9,-1.3104,-0.63739,
219,10.95,-1.3188,-0.64267,
220,11.0,-1.32706,-0.65509,
221,11.05,-1.33546,-0.65765,
222,11.1,-1.34386,-0.67198,
223,11.15,-1.35186,-0.6737,
224,11.2,-1.36026,-0.68786,
225,11.25,-1.3688,-0.68959,
226,11.3,-1.3768,-0.70609,
227,11.35,-1.38533,-0.70544,
228,11.4,-1.39386,-0.72383,
229,11.45,-1.402,-0.71989,
230,11.5,-1.41013,-0.73801,
231,11.55,-1.41893,-0.73976,
232,11.6,-1.42706,-0.7549,
233,11.65,-1.4352,-0.75436,
234,11.7,-1.44373,-0.77064,
235,11.75,-1.45213,-0.77028,
236,11.8,-1.4604,-0.78879,
237,11.85,-1.4688,-0.78842,
238,11.9,-1.47706,-0.80451,
239,11.95,-1.4856,-0.80545,
240,12.0,-1.49373,-0.82209,
241,12.05,-1.50186,-0.82289,
242,12.1,-1.51053,-0.83779,
243,12.15,-1.5188,-0.84158,
244,12.2,-1.5268,-0.85701,
245,12.25,-1.5352,-0.85902,
246,12.3,-1.54373,-0.87417,
247,12.35,-1.55173,-0.87956,
248,12.4,-1.56013,-0.89121,
249,12.45,-1.5688,-0.898,
250,12.5,-1.57693,-0.91242,
251,12.55,-1.5852,-0.9164,
252,12.6,-1.59386,-0.93147,
253,12.65,-1.60213,-0.93741,
254,12.7,-1.61026,-0.95076,
255,12.75,-1.6188,-0.95801,
256,12.8,-1.6272,-0.96832,
257,12.85,-1.63546,-0.9777,
258,12.9,-1.64373,-0.98981,
259,12.95,-1.65213,-0.99782,
260,13.0,-1.66053,-1.00776,
261,13.05,-1.66866,-1.01853,
262,13.1,-1.6768,-1.02889,
263,13.15,-1.6852,-1.03813,
264,13.2,-1.69373,-1.04855,
265,13.25,-1.70186,-1.06173,
266,13.3,-1.7104,-1.07115,
267,13.35,-1.71893,-1.08322,
268,13.4,-1.7272,-1.09411,
269,13.45,-1.73533,-1.10221,
270,13.5,-1.74373,-1.11861,
271,13.55,-1.75226,-1.12552,
272,13.6,-1.7604,-1.14002,
273,13.65,-1.76866,-1.14868,
274,13.7,-1.77706,-1.16187,
275,13.75,-1.78533,-1.17202,
276,13.8,-1.7936,-1.18573,
277,13.85,-1.802,-1.19494,
278,13.9,-1.81026,-1.20809,
279,13.95,-1.81853,-1.21749,
280,14.0,-1.82693,-1.23324,
281,14.05,-1.83533,-1.24007,
282,14.1,-1.84373,-1.25691,
283,14.15,-1.852,-1.26414,
284,14.2,-1.86026,-1.28006,
285,14.25,-1.8688,-1.2888,
286,14.3,-1.87706,-1.30345,
287,14.35,-1.8852,-1.31211,
288,14.4,-1.89373,-1.32637,
289,14.45,-1.90213,-1.33758,
290,14.5,-1.91013,-1.35022,
291,14.55,-1.91866,-1.36024,
292,14.6,-1.9272,-1.37488,
293,14.65,-1.9352,-1.38537,
294,14.7,-1.94346,-1.39749,
295,14.75,-1.952,-1.40908,
296,14.8,-1.96026,-1.42251,
297,14.85,-1.96853,-1.43418,
298,14.9,-1.97706,-1.44612,
299,14.95,-1.98546,-1.46033,
300,15.0,-1.99386,-1.47084,
301,15.05,-2.00213,-1.48414,
302,15.1,-2.01053,-1.4965,
303,15.15,-2.01893,-1.50867,
304,15.2,-2.0272,-1.52201,
305,15.25,-2.03533,-1.53283,
306,15.3,-2.04386,-1.54573,
307,15.35,-2.05226,-1.55873,
308,15.4,-2.06026,-1.57044,
309,15.45,-2.06866,-1.58152,
310,15.5,-2.07719,-1.59583,
311,15.55,-2.08533,-1.60708,
312,15.6,-2.09359,-1.61991,
313,15.65,-2.10226,-1.63185,
314,15.7,-2.11026,-1.64677,
315,15.75,-2.11866,-1.65425,
316,15.8,-2.12719,-1.67319,
317,15.85,-2.13546,-1.67998,
318,15.9,-2.14386,-1.69741,
319,15.95,-2.15226,-1.7068,
320,16.0,-2.16053,-1.72186,
321,16.05,-2.16866,-1.73074,
322,16.1,-2.17693,-1.74654,
323,16.15,-2.18519,-1.7562,
324,16.2,-2.19359,-1.7715,
325,16.25,-2.20186,-1.78282,
326,16.3,-2.20999,-1.7941,
327,16.35,-2.21853,-1.81045,
328,16.4,-2.22706,-1.81804,
329,16.45,-2.23519,-1.83503,
330,16.5,-2.24373,-1.84389,
331,16.55,-2.25226,-1.85884,
332,16.6,-2.26053,-1.84425,
333,16.65,-2.26866,-1.68297,
334,16.7,-2.27719,-1.70064,
335,16.75,-2.28559,-1.7391,
336,16.8,-2.29359,-1.75451,
337,16.85,-2.30186,-1.77694,
338,16.9,-2.31039,-1.79881,
339,16.95,-2.31866,-1.81262,
340,17.0,-2.32693,-1.83397,
341,17.05,-2.33533,-1.84865,
342,17.1,-2.34359,-1.86662,
343,17.15,-2.35173,-1.87949,
344,17.2,-2.36026,-1.90069,
345,17.25,-2.36879,-1.9098,
346,17.3,-2.37706,-1.93268,
347,17.35,-2.38546,-1.94145,
348,17.4,-2.39373,-1.95964,
349,17.45,-2.40213,-1.97462,
350,17.5,-2.41053,-1.98555,
351,17.55,-2.41866,-2.0031,
352,17.6,-2.42719,-2.01267,
353,17.65,-2.43546,-2.03137,
354,17.7,-2.44346,-2.03937,
355,17.75,-2.45186,-2.05764,
356,17.8,-2.46039,-2.06601,
357,17.85,-2.46839,-2.0736,
358,17.9,-2.47679,-2.07415,
359,17.95,-2.48546,-2.07442,
360,18.0,-2.49359,-2.07932,
361,18.05,-2.50186,-2.0737,
362,18.1,-2.51039,-2.08519,
363,18.15,-2.51879,-2.08694,
364,18.2,-2.52706,-2.10924,
365,18.25,-2.53559,-2.1139,
366,18.3,-2.54386,-2.13264,
367,18.35,-2.55213,-2.13652,
368,18.4,-2.56053,-2.15142,
369,18.45,-2.56853,-2.15229,
370,18.5,-2.57706,-2.17368,
371,18.55,-2.58546,-2.16484,
372,18.6,-2.59346,-2.20663,
373,18.65,-2.60186,-2.18296,
374,18.7,-2.61039,-2.22801,
375,18.75,-2.61839,-2.22054,
376,18.8,-2.62679,-2.24552,
377,18.85,-2.63546,-2.25055,
378,18.9,-2.64373,-2.27073,
379,18.95,-2.65199,-2.27517,
380,19.0,-2.66066,-2.29258,
381,19.05,-2.66893,-2.29969,
382,19.1,-2.67706,-2.31249,
383,19.15,-2.68533,-2.32267,
384,19.2,-2.69373,-2.33366,
385,19.25,-2.70199,-2.34727,
386,19.3,-2.71039,-2.3528,
387,19.35,-2.71866,-2.37102,
388,19.4,-2.72706,-2.37326,
389,19.45,-2.73546,-2.39601,
390,19.5,-2.74359,-2.39609,
391,19.55,-2.75213,-2.41756,
392,19.6,-2.76053,-2.42148,
393,19.65,-2.76866,-2.4447,
394,19.7,-2.77706,-2.44587,
395,19.75,-2.78559,-2.46891,
396,19.8,-2.79373,-2.47002,
397,19.85,-2.80199,-2.4961,
398,19.9,-2.81053,-2.49599,
399,19.95,-2.81893,-2.52422,
400,20.0,-2.82693,-2.52462,
401,20.05,-2.83519,-2.54786,
402,20.1,-2.84373,-2.5534,
403,20.15,-2.85186,-2.57607,
404,20.2,-2.86013,-2.57849,
405,20.25,-2.86866,-2.60294,
406,20.3,-2.87693,-2.60774,
407,20.35,-2.88506,-2.62752,
408,20.4,-2.89359,-2.63405,
409,20.45,-2.90199,-2.6556,
410,20.5,-2.91039,-2.66129,
411,20.55,-2.91879,-2.68152,
412,20.6,-2.92706,-2.68758,
413,20.65,-2.93559,-2.70663,
414,20.7,-2.94373,-2.71383,
415,20.75,-2.95186,-2.732,
416,20.8,-2.96053,-2.74099,
417,20.85,-2.96879,-2.75346,
418,20.9,-2.97679,-2.76716,
419,20.95,-2.98533,-2.77953,
420,21.0,-2.99386,-2.79155,
421,21.05,-3.00186,-2.80519,
422,21.1,-3.01013,-2.81675,
423,21.15,-3.01866,-2.82984,
424,21.2,-3.02693,-2.84283,
425,21.25,-3.03519,-2.85396,
426,21.3,-3.04373,-2.87042,
427,21.35,-3.05213,-2.87904,
428,21.4,-3.06039,-2.89318,
429,21.45,-3.06866,-2.90767,
430,21.5,-3.07706,-2.91673,
431,21.55,-3.08533,-2.93154,
432,21.6,-3.09373,-2.94215,
433,21.65,-3.10186,-2.9564,
434,21.7,-3.11039,-2.96706,
435,21.75,-3.11879,-2.98106,
436,21.8,-3.12693,-2.9928,
437,21.85,-3.13533,-3.00602,
438,21.9,-3.14373,-3.01662,
439,21.95,-3.15186,-3.03168,
440,22.0,-3.16026,-3.03927,
441,22.05,-3.16879,-3.05744,
442,22.1,-3.17693,-3.06597,
443,22.15,-3.18519,-3.08098,
444,22.2,-3.19386,-3.09072,
445,22.25,-3.20213,-3.10644,
446,22.3,-3.21039,-3.11637,
447,22.35,-3.21879,-3.12907,
448,22.4,-3.22719,-3.14131,
449,22.45,-3.23533,-3.15332,
450,22.5,-3.24373,-3.16493,
451,22.55,-3.25213,-3.17714,
452,22.6,-3.26039,-3.18908,
453,22.65,-3.26866,-3.20235,
454,22.7,-3.27679,-3.21287,
455,22.75,-3.28533,-3.22571,
456,22.8,-3.29386,-3.23806,
457,22.85,-3.30199,-3.25013,
458,22.9,-3.31026,-3.25975,
459,22.95,-3.31893,-3.2731,
460,23.0,-3.32719,-3.2857,
461,23.05,-3.33533,-3.29425,
462,23.1,-3.34373,-3.30863,
463,23.15,-3.35213,-3.31831,
464,23.2,-3.36026,-3.33071,
465,23.25,-3.36866,-3.34133,
466,23.3,-3.37719,-3.3542,
467,23.35,-3.38532,-3.36526,
468,23.4,-3.39359,-3.37773,
469,23.45,-3.40199,-3.38813,
470,23.5,-3.41026,-3.3992,
471,23.55,-3.41852,-3.41137,
472,23.6,-3.42693,-3.42301,
473,23.65,-3.43546,-3.43481,
474,23.7,-3.44372,-3.44755,
475,23.75,-3.45213,-3.46061,
476,23.8,-3.46039,-3.4709,
477,23.85,-3.46892,-3.48395,
478,23.9,-3.47706,-3.49528,
479,23.95,-3.48532,-3.50894,
480,24.0,-3.49386,-3.51788,
481,24.05,-3.50226,-3.53254,
482,24.1,-3.51012,-3.54174,
483,24.15,-3.51852,-3.55508,
484,24.2,-3.52706,-3.56661,
485,24.25,-3.53506,-3.58033,
486,24.3,-3.54332,-3.59036,
487,24.35,-3.55199,-3.60366,
488,24.4,-3.56012,-3.6133,
489,24.45,-3.56839,-3.62756,
490,24.5,-3.57706,-3.6383,
491,24.55,-3.58532,-3.65141,
492,24.6,-3.59372,-3.6621,
493,24.65,-3.60212,-3.67689,
494,24.7,-3.61039,-3.68346,
495,24.75,-3.61879,-3.69871,
496,24.8,-3.62719,-3.7065,
497,24.85,-3.63532,-3.72108,
498,24.9,-3.64386,-3.72931,
499,24.95,-3.65212,-3.74499,
500,25.0,-3.66012,-3.75298,
501,25.05,-3.66866,-3.76572,
502,25.1,-3.67706,-3.7758,
503,25.15,-3.68519,-3.78943,
504,25.2,-3.69359,-3.79886,
505,25.25,-3.70226,-3.80677,
506,25.3,-3.71039,-3.82844,
507,25.35,-3.71866,-3.82544,
508,25.4,-3.72719,-3.84822,
509,25.45,-3.73546,-3.85245,
510,25.5,-3.74359,-3.86892,
511,25.55,-3.75212,-3.87188,
512,25.6,-3.76052,-3.89234,
513,25.65,-3.76879,-3.89188,
514,25.7,-3.77706,-3.91362,
515,25.75,-3.78532,-3.90885,
516,25.8,-3.79372,-3.9387,
517,25.85,-3.80199,-3.92595,
518,25.9,-3.81012,-3.96189,
519,25.95,-3.81866,-3.94621,
520,26.0,-3.82719,-3.97941,
521,26.05,-3.83532,-3.97494,
522,26.1,-3.84372,-3.99474,
523,26.15,-3.85226,-3.99654,
524,26.2,-3.86052,-4.01527,
525,26.25,-3.86866,-4.01784,
526,26.3,-3.87719,-4.03445,
527,26.35,-3.88546,-4.03943,
528,26.4,-3.89359,-4.05113,
529,26.45,-3.90199,-4.0642,
530,26.5,-3.91052,-4.0676,
531,26.55,-3.91866,-4.0846,
532,26.6,-3.92679,-4.08894,
533,26.65,-3.93532,-4.1023,
534,26.7,-3.94346,-4.10619,
535,26.75,-3.95186,-4.12366,
536,26.8,-3.96026,-4.12586,
537,26.85,-3.96866,-4.14332,
538,26.9,-3.97706,-4.14665,
539,26.95,-3.98532,-4.1606,
540,27.0,-3.99372,-4.16985,
541,27.05,-4.00212,-4.17899,
542,27.1,-4.01039,-4.18817,
543,27.15,-4.01852,-4.1986,
544,27.2,-4.02719,-4.2079,
545,27.25,-4.03546,-4.21544,
546,27.3,-4.04346,-4.22849,
547,27.35,-4.05199,-4.23218,
548,27.4,-4.06052,-4.24968,
549,27.45,-4.06839,-4.24826,
550,27.5,-4.07679,-4.26804,
551,27.55,-4.08532,-4.26574,
552,27.6,-4.09359,-4.2892,
553,27.65,-4.10186,-4.28258,
554,27.7,-4.11039,-4.3067,
555,27.75,-4.11879,-4.30324,
556,27.8,-4.12706,-4.32148,
557,27.85,-4.13546,-4.32234,
558,27.9,-4.14372,-4.33922,
559,27.95,-4.15212,-4.33839,
560,28.0,-4.16052,-4.3584,
561,28.05,-4.16852,-4.35487,
562,28.1,-4.17706,-4.37621,
563,28.15,-4.18546,-4.37283,
564,28.2,-4.19346,-4.3908,
565,28.25,-4.20199,-4.38884,
566,28.3,-4.21039,-4.40678,
567,28.35,-4.21852,-4.40667,
568,28.4,-4.22692,-4.42124,
569,28.45,-4.23559,-4.42447,
570,28.5,-4.24372,-4.43945,
571,28.55,-4.25199,-4.43952,
572,28.6,-4.26052,-4.45395,
573,28.65,-4.26879,-4.45676,
574,28.7,-4.27706,-4.46875,
575,28.75,-4.28546,-4.47204,
576,28.8,-4.29386,-4.48331,
577,28.85,-4.30212,-4.48669,
578,28.9,-4.31039,-4.49652,
579,28.95,-4.31866,-4.4998,
580,29.0,-4.32719,-4.50944,
581,29.05,-4.33532,-4.51324,
582,29.1,-4.34359,-4.52258,
583,29.15,-4.35212,-4.52551,
584,29.2,-4.36039,-4.53662,
585,29.25,-4.36866,-4.54028,
586,29.3,-4.37706,-4.54893,
587,29.35,-4.38559,-4.55321,
588,29.4,-4.39386,-4.56504,
589,29.45,-4.40199,-4.56565,
590,29.5,-4.41052,-4.5759,
591,29.55,-4.41892,-4.58187,
592,29.6,-4.42706,-4.58929,
593,29.65,-4.43532,-4.59367,
594,29.7,-4.44372,-4.60252,
595,29.75,-4.45186,-4.60707,
596,29.8,-4.46012,-4.61504,
597,29.85,-4.46866,-4.61883,
598,29.9,-4.47692,-4.62848,
599,29.95,-4.48506,-4.63276,
600,30.0,-4.49359,-4.64203,
601,30.05,-4.50212,-4.64677,
602,30.1,-4.51039,-4.65494,
603,30.15,-4.51879,-4.66201,
604,30.2,-4.52706,-4.66734,
605,30.25,-4.53559,-4.67333,
606,30.3,-4.54372,-4.68129,
607,30.35,-4.55199,-4.68587,
608,30.4,-4.56052,-4.69261,
609,30.45,-4.56879,-4.69941,
610,30.5,-4.57679,-4.70535,
611,30.55,-4.58532,-4.71108,
612,30.6,-4.59386,-4.7175,
613,30.65,-4.60172,-4.72398,
614,30.7,-4.60999,-4.72833,
615,30.75,-4.61866,-4.73665,
616,30.8,-4.62692,-4.74214,
617,30.85,-4.63519,-4.74938,
618,30.9,-4.64372,-4.75594,
619,30.95,-4.65212,-4.76143,
620,31.0,-4.66026,-4.7675,
621,31.05,-4.66879,-4.77485,
622,31.1,-4.67692,-4.77934,
623,31.15,-4.68532,-4.78633,
624,31.2,-4.69372,-4.79102,
625,31.25,-4.70186,-4.79937,
626,31.3,-4.71052,-4.80337,
627,31.35,-4.71879,-4.81008,
628,31.4,-4.72679,-4.81697,
629,31.45,-4.73519,-4.81934,
630,31.5,-4.74372,-4.82871,
631,31.55,-4.75186,-4.83154,
632,31.6,-4.76026,-4.83951,
633,31.65,-4.76906,-4.84314,
634,31.7,-4.77706,-4.85178,
635,31.75,-4.78532,-4.85403,
636,31.8,-4.79399,-4.8609,
637,31.85,-4.80212,-4.86591,
638,31.9,-4.81039,-4.87199,
639,31.95,-4.81879,-4.87527,
640,32.0,-4.82719,-4.88324,
641,32.05,-4.83532,-4.88527,
642,32.1,-4.84372,-4.89236,
643,32.15,-4.85199,-4.89546,
644,32.2,-4.86039,-4.90205,
645,32.25,-4.86865,-4.90576,
646,32.3,-4.87679,-4.91165,
647,32.35,-4.88532,-4.91422,
648,32.4,-4.89385,-4.92186,
649,32.45,-4.90199,-4.92507,
650,32.5,-4.91039,-4.93029,
651,32.55,-4.91892,-4.93385,
652,32.6,-4.92705,-4.94035,
653,32.65,-4.93532,-4.94264,
654,32.7,-4.94372,-4.94753,
655,32.75,-4.95212,-4.95123,
656,32.8,-4.96025,-4.95617,
657,32.85,-4.96852,-4.95823,
658,32.9,-4.97705,-4.9636,
659,32.95,-4.98532,-4.96724,
660,33.0,-4.99345,-4.97148,
661,33.05,-5.00199,-4.97479,
662,33.1,-5.01012,-4.97904,
663,33.15,-5.01852,-4.9837,
664,33.2,-5.02692,-4.98759,
665,33.25,-5.03532,-4.99277,
666,33.3,-5.04372,-4.99673,
667,33.35,-5.05199,-5.00186,
668,33.4,-5.06039,-5.00503,
669,33.45,-5.06879,-5.00974,
670,33.5,-5.07705,-5.01479,
671,33.55,-5.08519,-5.01736,
672,33.6,-5.09372,-5.02219,
673,33.65,-5.10212,-5.02698,
674,33.7,-5.11012,-5.0284,
675,33.75,-5.11852,-5.0327,
676,33.8,-5.12705,-5.03585,
677,33.85,-5.13519,-5.03966,
678,33.9,-5.14345,-5.04195,
679,33.95,-5.15212,-5.04688,
680,34.0,-5.16025,-5.05169,
681,34.05,-5.16865,-5.05468,
682,34.1,-5.17719,-5.05938,
683,34.15,-5.18545,-5.0642,
684,34.2,-5.19372,-5.06742,
685,34.25,-5.20212,-5.072,
686,34.3,-5.21039,-5.0756,
687,34.35,-5.21892,-5.08046,
688,34.4,-5.22719,-5.08446,
689,34.45,-5.23519,-5.08738,
690,34.5,-5.24372,-5.09076,
691,34.55,-5.25199,-5.0952,
692,34.6,-5.26012,-5.09855,
693,34.65,-5.26852,-5.10131,
694,34.7,-5.27705,-5.10709,
695,34.75,-5.28519,-5.11072,
696,34.8,-5.29359,-5.11385,
697,34.85,-5.30225,-5.1191,
698,34.9,-5.31039,-5.12442,
699,34.95,-5.31865,-5.1262,
700,35.0,-5.32719,-5.13036,
701,35.05,-5.33545,-5.13549,
702,35.1,-5.34359,-5.13756,
703,35.15,-5.35212,-5.14148,
704,35.2,-5.36052,-5.14522,
705,35.25,-5.36879,-5.15003,
706,35.3,-5.37705,-5.15321,
707,35.35,-5.38545,-5.15773,
708,35.4,-5.39372,-5.16061,
709,35.45,-5.40199,-5.16435,
710,35.5,-5.41012,-5.16757,
711,35.55,-5.41865,-5.16968,
712,35.6,-5.42719,-5.17505,
713,35.65,-5.43532,-5.17843,
714,35.7,-5.44359,-5.18193,
715,35.75,-5.45212,-5.18444,
716,35.8,-5.46052,-5.19097,
717,35.85,-5.46865,-5.19184,
718,35.9,-5.47705,-5.19569,
719,35.95,-5.48559,-5.19986,
720,36.0,-5.49372,-5.20211,
721,36.05,-5.50199,-5.20593,
722,36.1,-5.51052,-5.20834,
723,36.15,-5.51865,-5.2116,
724,36.2,-5.52679,-5.21422,
725,36.25,-5.53532,-5.21787,
726,36.3,-5.54359,-5.22083,
727,36.35,-5.55185,-5.22166,
728,36.4,-5.56025,-5.22949,
729,36.45,-5.56865,-5.22721,
730,36.5,-5.57705,-5.23544,
731,36.55,-5.58532,-5.23653,
732,36.6,-5.59359,-5.23872,
733,36.65,-5.60212,-5.24284,
734,36.7,-5.61039,-5.24751,
735,36.75,-5.61865,-5.24892,
736,36.8,-5.62719,-5.25394,
737,36.85,-5.63545,-5.25537,
738,36.9,-5.64345,-5.2584,
739,36.95,-5.65185,-5.26018,
740,37.0,-5.66052,-5.26547,
741,37.05,-5.66852,-5.26665,
742,37.1,-5.67679,-5.27074,
743,37.15,-5.68545,-5.27349,
744,37.2,-5.69359,-5.2782,
745,37.25,-5.70185,-5.28031,
746,37.3,-5.71025,-5.28353,
747,37.35,-5.71865,-5.2885,
748,37.4,-5.72692,-5.28946,
749,37.45,-5.73532,-5.2949,
750,37.5,-5.74359,-5.29487,
751,37.55,-5.75199,-5.30062,
752,37.6,-5.76025,-5.30055,
753,37.65,-5.76839,-5.30572,
754,37.7,-5.77705,-5.30571,
755,37.75,-5.78532,-5.31084,
756,37.8,-5.79345,-5.31168,
757,37.85,-5.80199,-5.31581,
758,37.9,-5.81039,-5.31692,
759,37.95,-5.81852,-5.32204,
760,38.0,-5.82692,-5.3209,
761,38.05,-5.83559,-5.32755,
762,38.1,-5.84372,-5.32836,
763,38.15,-5.85199,-5.33217,
764,38.2,-5.86065,-5.33384,
765,38.25,-5.86879,-5.33708,
766,38.3,-5.87705,-5.33926,
767,38.35,-5.88559,-5.3421,
768,38.4,-5.89385,-5.34443,
769,38.45,-5.90212,-5.34616,
770,38.5,-5.91039,-5.34852,
771,38.55,-5.91865,-5.35156,
772,38.6,-5.92705,-5.3533,
773,38.65,-5.93532,-5.35531,
774,38.7,-5.94345,-5.35911,
775,38.75,-5.95199,-5.36013,
776,38.8,-5.96039,-5.36312,
777,38.85,-5.96852,-5.36571,
778,38.9,-5.97692,-5.36834,
779,38.95,-5.98559,-5.36965,
780,39.0,-5.99372,-5.3735,
781,39.05,-6.00185,-5.37307,
782,39.1,-6.01039,-5.37557,
783,39.15,-6.01879,-5.37937,
784,39.2,-6.02705,-5.38056,
785,39.25,-6.03532,-5.38297,
786,39.3,-6.04385,-5.38514,
787,39.35,-6.05199,-5.38658,
788,39.4,-6.06025,-5.38893,
789,39.45,-6.06865,-5.39035,
790,39.5,-6.07692,-5.39414,
791,39.55,-6.08519,-5.39348,
792,39.6,-6.09358,-5.39958,
793,39.65,-6.10198,-5.39937,
794,39.7,-6.11039,-5.40546,
795,39.75,-6.11865,-5.40519,
796,39.8,-6.12705,-5.41014,
797,39.85,-6.13559,-5.40899,
798,39.9,-6.14372,-5.41741,
799,39.95,-6.15185,-5.41174,
800,40.0,-6.16038,-5.42115,
801,40.05,-6.16879,-5.41923,
802,40.1,-6.17679,-5.42609,
803,40.15,-6.18532,-5.42015,
804,40.2,-6.19385,-5.4365,
805,40.25,-6.20185,-5.42655,
806,40.3,-6.21012,-5.43585,
807,40.35,-6.21878,-5.43589,
808,40.4,-6.22705,-5.44597,
809,40.45,-6.23532,-5.43711,
810,40.5,-6.24385,-5.45047,
811,40.55,-6.25212,-5.4481,
812,40.6,-6.26038,-5.45399,
813,40.65,-6.26878,-5.45236,
814,40.7,-6.27705,-5.46145,
815,40.75,-6.28558,-5.45885,
816,40.8,-6.29385,-5.46667,
817,40.85,-6.30185,-5.46415,
818,40.9,-6.31052,-5.46962,
819,40.95,-6.31892,-5.4711,
820,41.0,-6.32692,-5.4756,
821,41.05,-6.33532,-5.47368,
822,41.1,-6.34385,-5.47969,
823,41.15,-6.35185,-5.47911,
824,41.2,-6.36025,-5.48302,
825,41.25,-6.36892,-5.48307,
826,41.3,-6.37705,-5.48908,
827,41.35,-6.38518,-5.48787,
828,41.4,-6.39385,-5.49128,
829,41.45,-6.40212,-5.49339,
830,41.5,-6.41025,-5.49533,
831,41.55,-6.41878,-5.49838,
832,41.6,-6.42705,-5.49907,
833,41.65,-6.43545,-5.50265,
834,41.7,-6.44372,-5.50442,
835,41.75,-6.45198,-5.50717,
836,41.8,-6.46038,-5.50612,
837,41.85,-6.46865,-5.51258,
838,41.9,-6.47678,-5.51296,
839,41.95,-6.48518,-5.5155,
840,42.0,-6.49372,-5.51636,
841,42.05,-6.50198,-5.52537,
842,42.1,-6.51025,-5.52164,
843,42.15,-6.51892,-5.52851,
844,42.2,-6.52718,-5.52925,
845,42.25,-6.53532,-5.53438,
846,42.3,-6.54385,-5.53435,
847,42.35,-6.55225,-5.53965,
848,42.4,-6.56025,-5.53953,
849,42.45,-6.56852,-5.54421,
850,42.5,-6.57705,-5.54417,
851,42.55,-6.58518,-5.54902,
852,42.6,-6.59345,-5.54897,
853,42.65,-6.60185,-5.55479,
854,42.7,-6.61012,-5.55446,
855,42.75,-6.61852,-5.55971,
856,42.8,-6.62692,-5.56168,
857,42.85,-6.63532,-5.56437,
858,42.9,-6.64372,-5.56724,
859,42.95,-6.65198,-5.57167,
860,43.0,-6.66025,-5.57216,
861,43.05,-6.66878,-5.57612,
862,43.1,-6.67705,-5.57918,
863,43.15,-6.68518,-5.58122,
864,43.2,-6.69385,-5.58383,
865,43.25,-6.70225,-5.58904,
866,43.3,-6.71025,-5.58796,
867,43.35,-6.71865,-5.59124,
868,43.4,-6.72718,-5.59343,
869,43.45,-6.73518,-5.5959,
870,43.5,-6.74332,-5.59625,
871,43.55,-6.75198,-5.6005,
872,43.6,-6.76025,-5.60321,
873,43.65,-6.76852,-5.60611,
874,43.7,-6.77705,-5.6082,
875,43.75,-6.78545,-5.61181,
876,43.8,-6.79372,-5.61412,
877,43.85,-6.80212,-5.61586,
878,43.9,-6.81038,-5.61893,
879,43.95,-6.81892,-5.62029,
880,44.0,-6.82718,-5.62362,
881,44.05,-6.83518,-5.62439,
882,44.1,-6.84385,-5.62682,
883,44.15,-6.85212,-5.63,
884,44.2,-6.86012,-5.63105,
885,44.25,-6.86865,-5.63235,
886,44.3,-6.87705,-5.6357,
887,44.35,-6.88505,-5.63722,
888,44.4,-6.89345,-5.63843,
889,44.45,-6.90225,-5.64124,
890,44.5,-6.91038,-5.64585,
891,44.55,-6.91852,-5.64439,
892,44.6,-6.92718,-5.64855,
893,44.65,-6.93545,-5.65065,
894,44.7,-6.94372,-5.65272,
895,44.75,-6.95212,-5.65506,
896,44.8,-6.96052,-5.65728,
897,44.85,-6.96878,-5.65932,
898,44.9,-6.97692,-5.66126,
899,44.95,-6.98532,-5.66177,
900,45.0,-6.99372,-5.66544,
901,45.05,-7.00198,-5.66642,
902,45.1,-7.01012,-5.6696,
903,45.15,-7.01865,-5.6692,
904,45.2,-7.02718,-5.67522,
905,45.25,-7.03532,-5.67624,
906,45.3,-7.04358,-5.67729,
907,45.35,-7.05225,-5.67968,
908,45.4,-7.06038,-5.68365,
909,45.45,-7.06852,-5.68299,
910,45.5,-7.07705,-5.68459,
911,45.55,-7.08558,-5.68792,
912,45.6,-7.09358,-5.68892,
913,45.65,-7.10198,-5.68968,
914,45.7,-7.11052,-5.69292,
915,45.75,-7.11865,-5.69385,
916,45.8,-7.12678,-5.69528,
917,45.85,-7.13532,-5.69757,
918,45.9,-7.14345,-5.69851,
919,45.95,-7.15172,-5.70103,
920,46.0,-7.16025,-5.70335,
921,46.05,-7.16865,-5.7055,
922,46.1,-7.17705,-5.7075,
923,46.15,-7.18532,-5.70998,
924,46.2,-7.19358,-5.70875,
925,46.25,-7.20212,-5.71155,
926,46.3,-7.21052,-5.71366,
927,46.35,-7.21865,-5.71532,
928,46.4,-7.22718,-5.71617,
929,46.45,-7.23545,-5.71921,
930,46.5,-7.24345,-5.71848,
931,46.55,-7.25185,-5.72014,
932,46.6,-7.26038,-5.72257,
933,46.65,-7.26852,-5.7236,
934,46.7,-7.27678,-5.72498,
935,46.75,-7.28545,-5.72792,
936,46.8,-7.29372,-5.72963,
937,46.85,-7.30198,-5.73159,
938,46.9,-7.31038,-5.73364,
939,46.95,-7.31865,-5.7358,
940,47.0,-7.32692,-5.73735,
941,47.05,-7.33532,-5.74082,
942,47.1,-7.34358,-5.74307,
943,47.15,-7.35212,-5.7466,
944,47.2,-7.36052,-5.74954,
945,47.25,-7.36865,-5.75273,
946,47.3,-7.37732,-5.75424,
947,47.35,-7.38558,-5.75856,
948,47.4,-7.39358,-5.75934,
949,47.45,-7.40198,-5.76073,
950,47.5,-7.41038,-5.76427,
951,47.55,-7.41838,-5.76658,
952,47.6,-7.42692,-5.76861,
953,47.65,-7.43558,-5.77309,
954,47.7,-7.44372,-5.777,
955,47.75,-7.45198,-5.77854,
956,47.8,-7.46052,-5.78083,
957,47.85,-7.46878,-5.7852,
958,47.9,-7.47705,-5.78646,
959,47.95,-7.48558,-5.7894,
960,48.0,-7.49385,-5.79288,
961,48.05,-7.50211,-5.79494,
962,48.1,-7.51038,-5.79739,
963,48.15,-7.51865,-5.79992,
964,48.2,-7.52705,-5.80142,
965,48.25,-7.53532,-5.80511,
966,48.3,-7.54345,-5.80617,
967,48.35,-7.55185,-5.80901,
968,48.4,-7.56025,-5.81127,
969,48.45,-7.56851,-5.81595,
970,48.5,-7.57691,-5.81578,
971,48.55,-7.58531,-5.81954,
972,48.6,-7.59371,-5.82324,
973,48.65,-7.60198,-5.82353,
974,48.7,-7.61051,-5.82648,
975,48.75,-7.61891,-5.83135,
976,48.8,-7.62705,-5.83131,
977,48.85,-7.63531,-5.83289,
978,48.9,-7.64371,-5.83536,
979,48.95,-7.65185,-5.83871,
980,49.0,-7.66025,-5.8392,
981,49.05,-7.66878,-5.84451,
982,49.1,-7.67705,-5.84526,
983,49.15,-7.68531,-5.85025,
984,49.2,-7.69371,-5.85183,
985,49.25,-7.70211,-5.8539,
986,49.3,-7.71051,-5.85902,
987,49.35,-7.71878,-5.86178,
988,49.4,-7.72705,-5.86393,
989,49.45,-7.73558,-5.86756,
990,49.5,-7.74385,-5.87111,
991,49.55,-7.75198,-5.87206,
992,49.6,-7.76038,-5.87503,
993,49.65,-7.76891,-5.87795,
994,49.7,-7.77691,-5.88061,
995,49.75,-7.78531,-5.88165,
996,49.8,-7.79371,-5.88614,
997,49.85,-7.80185,-5.88775,
998,49.9,-7.81011,-5.89135,
999,49.95,-7.81878,-5.89349,
1000,50.0,-7.82705,-5.89906,
1001,50.05,-7.83531,-5.89845,
1002,50.1,-7.84385,-5.90473,
1003,50.15,-7.85198,-5.90528,
1004,50.2,-7.86038,-5.90889,
1005,50.25,-7.86891,-5.91284,
1006,50.3,-7.87705,-5.9153,
1007,50.35,-7.88545,-5.91726,
1008,50.4,-7.89371,-5.92003,
1009,50.45,-7.90185,-5.92251,
1010,50.5,-7.91038,-5.92462,
1011,50.55,-7.91865,-5.92646,
1012,50.6,-7.92665,-5.93031,
1013,50.65,-7.93531,-5.93046,
1014,50.7,-7.94371,-5.93717,
1015,50.75,-7.95171,-5.93653,
1016,50.8,-7.96025,-5.94046,
1017,50.85,-7.96891,-5.9435,
1018,50.9,-7.97705,-5.94797,
1019,50.95,-7.98531,-5.9475,
1020,51.0,-7.99371,-5.95099,
1021,51.05,-8.00211,-5.95287,
1022,51.1,-8.01038,-5.9561,
1023,51.15,-8.01891,-5.9589,
1024,51.2,-8.02731,-5.96221,
1025,51.25,-8.03545,-5.96328,
1026,51.3,-8.04385,-5.96636,
1027,51.35,-8.05211,-5.9678,
1028,51.4,-8.06051,-5.97029,
1029,51.45,-8.06878,-5.97221,
1030,51.5,-8.07691,-5.9751,
1031,51.55,-8.08531,-5.9761,
1032,51.6,-8.09371,-5.97865,
1033,51.65,-8.10198,-5.98328,
1034,51.7,-8.11038,-5.98153,
1035,51.75,-8.11891,-5.98752,
1036,51.8,-8.12705,-5.9875,
1037,51.85,-8.13531,-5.99063,
1038,51.9,-8.14371,-5.99078,
1039,51.95,-8.15211,-5.9955,
1040,52.0,-8.16025,-5.99569,
1041,52.05,-8.16851,-5.99725,
1042,52.1,-8.17718,-5.99938,
1043,52.15,-8.18518,-6.00107,
1044,52.2,-8.19331,-6.00076,
1045,52.25,-8.20198,-6.00439,
1046,52.3,-8.21038,-6.00473,
1047,52.35,-8.21851,-6.00799,
1048,52.4,-8.22705,-6.00719,
1049,52.45,-8.23531,-6.01075,
1050,52.5,-8.24371,-6.01063,
1051,52.55,-8.25198,-6.0155,
1052,52.6,-8.26025,-6.01384,
1053,52.65,-8.26878,-6.01805,
1054,52.7,-8.27705,-6.01979,
1055,52.75,-8.28518,-6.02115,
1056,52.8,-8.29371,-6.02005,
1057,52.85,-8.30211,-6.02581,
1058,52.9,-8.31011,-6.02353,
1059,52.95,-8.31851,-6.02604,
1060,53.0,-8.32718,-6.02602,
1061,53.05,-8.33518,-6.02988,
1062,53.1,-8.34345,-6.0268,
1063,53.15,-8.35225,-6.03218,
1064,53.2,-8.36038,-6.02943,
1065,53.25,-8.36865,-6.03415,
1066,53.3,-8.37718,-6.03278,
1067,53.35,-8.38545,-6.03648,
1068,53.4,-8.39371,-6.0355,
1069,53.45,-8.40211,-6.03779,
1070,53.5,-8.41051,-6.03643,
1071,53.55,-8.41891,-6.03761,
1072,53.6,-8.42718,-6.03662,
1073,53.65,-8.43518,-6.03684,
1074,53.7,-8.44385,-6.03717,
1075,53.75,-8.45211,-6.03864,
1076,53.8,-8.46011,-6.03931,
1077,53.85,-8.46865,-6.0395,
1078,53.9,-8.47705,-6.04166,
1079,53.95,-8.48518,-6.04345,
1080,54.0,-8.49358,-6.04344,
1081,54.05,-8.50225,-6.04568,
1082,54.1,-8.51038,-6.04959,
1083,54.15,-8.51865,-6.04819,
1084,54.2,-8.52718,-6.051,
1085,54.25,-8.53558,-6.05323,
1086,54.3,-8.54371,-6.05382,
1087,54.35,-8.55211,-6.05414,
1088,54.4,-8.56051,-6.05656,
1089,54.45,-8.56865,-6.05506,
1090,54.5,-8.57705,-6.05794,
1091,54.55,-8.58518,-6.05739,
1092,54.6,-8.59371,-6.05912,
1093,54.65,-8.60185,-6.05829,
1094,54.7,-8.61011,-6.06038,
1095,54.75,-8.61865,-6.05869,
1096,54.8,-8.62705,-6.0629,
1097,54.85,-8.63531,-6.06192,
1098,54.9,-8.64358,-6.06219,
1099,54.95,-8.65211,-6.06223,
1100,55.0,-8.66038,-6.0641,
1101,55.05,-8.66851,-6.0625,
1102,55.1,-8.67718,-6.06177,
1103,55.15,-8.68558,-6.06404,
1104,55.2,-8.69371,-6.06206,
1105,55.25,-8.70198,-6.06112,
1106,55.3,-8.71051,-6.05923,
1107,55.35,-8.71865,-6.05946,
1108,55.4,-8.72691,-6.05778,
1109,55.45,-8.73531,-6.05767,
1110,55.5,-8.74358,-6.05559,
1111,55.55,-8.75171,-6.0558,
1112,55.6,-8.76025,-6.0546,
1113,55.65,-8.76865,-6.05483,
1114,55.7,-8.77705,-6.05502,
1115,55.75,-8.78531,-6.05496,
1116,55.8,-8.79358,-6.0531,
1117,55.85,-8.80211,-6.05231,
1118,55.9,-8.81038,-6.05355,
1119,55.95,-8.81851,-6.05186,
1120,56.0,-8.82718,-6.0515,
1121,56.05,-8.83558,-6.05269,
1122,56.1,-8.84358,-6.051,
1123,56.15,-8.85198,-6.05082,
1124,56.2,-8.86038,-6.04949,
1125,56.25,-8.86851,-6.05003,
1126,56.3,-8.87678,-6.04913,
1127,56.35,-8.88545,-6.04871,
1128,56.4,-8.89371,-6.04914,
1129,56.45,-8.90184,-6.04896,
1130,56.5,-8.91038,-6.04768,
1131,56.55,-8.91864,-6.04929,
1132,56.6,-8.92691,-6.04753,
1133,56.65,-8.93544,-6.05086,
1134,56.7,-8.94371,-6.04926,
1135,56.75,-8.95225,-6.05198,
1136,56.8,-8.96051,-6.05053,
1137,56.85,-8.96864,-6.05283,
1138,56.9,-8.97718,-6.05085,
1139,56.95,-8.98544,-6.05292,
1140,57.0,-8.99344,-6.05173,
1141,57.05,-9.00198,-6.05263,
1142,57.1,-9.01038,-6.05338,
1143,57.15,-9.01838,-6.05509,
1144,57.2,-9.02691,-6.05263,
1145,57.25,-9.03558,-6.0571,
1146,57.3,-9.04371,-6.05689,
1147,57.35,-9.05198,-6.05564,
1148,57.4,-9.06064,-6.05705,
1149,57.45,-9.06891,-6.05873,
1150,57.5,-9.07704,-6.05766,
1151,57.55,-9.08558,-6.05919,
1152,57.6,-9.09384,-6.05953,
1153,57.65,-9.10198,-6.05957,
1154,57.7,-9.11038,-6.06004,
1155,57.75,-9.11864,-6.06157,
1156,57.8,-9.12704,-6.06284,
1157,57.85,-9.13531,-6.06408,
1158,57.9,-9.14344,-6.06527,
1159,57.95,-9.15184,-6.06432,
1160,58.0,-9.16038,-6.06896,
1161,58.05,-9.16851,-6.06915,
1162,58.1,-9.17691,-6.07089,
1163,58.15,-9.18558,-6.0719,
1164,58.2,-9.19384,-6.07734,
1165,58.25,-9.20198,-6.07493,
1166,58.3,-9.21051,-6.07804,
1167,58.35,-9.21891,-6.07985,
1168,58.4,-9.22691,-6.08121,
1169,58.45,-9.23518,-6.08077,
1170,58.5,-9.24371,-6.0831,
1171,58.55,-9.25171,-6.08331,
1172,58.6,-9.25998,-6.08635,
1173,58.65,-9.26851,-6.08784,
1174,58.7,-9.27691,-6.09199,
1175,58.75,-9.28504,-6.09269,
1176,58.8,-9.29358,-6.09631,
1177,58.85,-9.30198,-6.0974,
1178,58.9,-9.31038,-6.10069,
1179,58.95,-9.31851,-6.10242,
1180,59.0,-9.32678,-6.10428,
1181,59.05,-9.33531,-6.10564,
1182,59.1,-9.34371,-6.11083,
1183,59.15,-9.35198,-6.11337,
1184,59.2,-9.36051,-6.11488,
1185,59.25,-9.36878,-6.11738,
1186,59.3,-9.37691,-6.1196,
1187,59.35,-9.38531,-6.12052,
1188,59.4,-9.39384,-6.12396,
1189,59.45,-9.40171,-6.12492,
1190,59.5,-9.41011,-6.12964,
1191,59.55,-9.41878,-6.13022,
1192,59.6,-9.42691,-6.13561,
1193,59.65,-9.43531,-6.13773,
1194,59.7,-9.44384,-6.1432,
1195,59.75,-9.45211,-6.14454,
1196,59.8,-9.46038,-6.14689,
1197,59.85,-9.46878,-6.15119,
1198,59.9,-9.47718,-6.15417,
1199,59.95,-9.48544,-6.15638,
1200,60.0,-9.49384,-6.16145,
1201,60.05,-9.50198,-6.16153,
1202,60.1,-9.51051,-6.16462,
1203,60.15,-9.51878,-6.16774,
1204,60.2,-9.52691,-6.1687,
1205,60.25,-9.53531,-6.17246,
1206,60.3,-9.54371,-6.17444,
1207,60.35,-9.55184,-6.17811,
1208,60.4,-9.56024,-6.17767,
1209,60.45,-9.56878,-6.18535,
1210,60.5,-9.57691,-6.18427,
1211,60.55,-9.58518,-6.18947,
1212,60.6,-9.59384,-6.18869,
1213,60.65,-9.60211,-6.1995,
1214,60.7,-9.61038,-6.19345,
1215,60.75,-9.61891,-6.20314,
1216,60.8,-9.62718,-6.20028,
1217,60.85,-9.63531,-6.20804,
1218,60.9,-9.64371,-6.20025,
1219,60.95,-9.65198,-6.21608,
1220,61.0,-9.66024,-6.20454,
1221,61.05,-9.66851,-6.21949,
1222,61.1,-9.67678,-6.21189,
1223,61.15,-9.68531,-6.22204,
1224,61.2,-9.69371,-6.21591,
1225,61.25,-9.70198,-6.23228,
1226,61.3,-9.71038,-6.21493,
1227,61.35,-9.71891,-6.23841,
1228,61.4,-9.72704,-6.22261,
1229,61.45,-9.73518,-6.24011,
1230,61.5,-9.74384,-6.2241,
1231,61.55,-9.75224,-6.25336,
1232,61.6,-9.76024,-6.22588,
1233,61.65,-9.76851,-6.25704,
1234,61.7,-9.77704,-6.234,
1235,61.75,-9.78518,-6.26106,
1236,61.8,-9.79344,-6.24126,
1237,61.85,-9.80198,-6.26593,
1238,61.9,-9.81024,-6.24629,
1239,61.95,-9.81851,-6.27292,
1240,62.0,-9.82691,-6.2566,
1241,62.05,-9.83531,-6.27648,
1242,62.1,-9.84371,-6.26387,
1243,62.15,-9.85198,-6.28886,
1244,62.2,-9.86024,-6.27147,
1245,62.25,-9.86878,-6.2904,
1246,62.3,-9.87718,-6.28489,
1247,62.35,-9.88531,-6.30301,
1248,62.4,-9.89384,-6.2879,
1249,62.45,-9.90211,-6.3071,
1250,62.5,-9.91011,-6.30106,
1251,62.55,-9.91851,-6.31355,
1252,62.6,-9.92704,-6.30917,
1253,62.65,-9.93504,-6.32099,
1254,62.7,-9.94331,-6.31807,
1255,62.75,-9.95198,-6.33318,
1256,62.8,-9.96024,-6.32569,
1257,62.85,-9.96851,-6.34204,
1258,62.9,-9.97704,-6.33866,
1259,62.95,-9.98531,-6.34751,
1260,63.0,-9.99371,-6.34642,
1261,63.05,-10.00224,-6.35703,
1262,63.1,-10.01051,-6.35648,
1263,63.15,-10.01891,-6.36636,
1264,63.2,-10.02718,-6.36577,
1265,63.25,-10.03531,-6.37572,
1266,63.3,-10.04384,-6.37398,
1267,63.35,-10.05211,-6.38328,
1268,63.4,-10.06024,-6.38277,
1269,63.45,-10.06864,-6.39553,
1270,63.5,-10.07718,-6.38967,
1271,63.55,-10.08518,-6.40313,
1272,63.6,-10.09358,-6.40194,
1273,63.65,-10.10238,-6.41158,
1274,63.7,-10.11038,-6.41362,
1275,63.75,-10.11864,-6.41902,
1276,63.8,-10.12731,-6.42202,
1277,63.85,-10.13544,-6.4303,
1278,63.9,-10.14371,-6.42865,
1279,63.95,-10.15211,-6.43789,
1280,64.0,-10.16051,-6.44138,
1281,64.05,-10.16864,-6.44452,
1282,64.10001,-10.17691,-6.44956,
1283,64.15,-10.18518,-6.45424,
1284,64.2,-10.19358,-6.45458,
1285,64.25,-10.20184,-6.46561,
1286,64.3,-10.21011,-6.46423,
1287,64.35001,-10.21864,-6.47322,
1288,64.4,-10.22704,-6.47495,
1289,64.45,-10.23518,-6.48647,
1290,64.5,-10.24358,-6.4804,
1291,64.55,-10.25211,-6.49796,
1292,64.60001,-10.26038,-6.4922,
1293,64.65,-10.26864,-6.50739,
1294,64.7,-10.27704,-6.50226,
1295,64.75,-10.28557,-6.51726,
1296,64.8,-10.29358,-6.51271,
1297,64.85001,-10.30184,-6.52632,
1298,64.9,-10.31038,-6.51964,
1299,64.95,-10.31864,-6.53635,
1300,65.0,-10.32691,-6.5324,
1301,65.05,-10.33531,-6.54665,
1302,65.10001,-10.34357,-6.53933,
1303,65.15,-10.35184,-6.55729,
1304,65.2,-10.36024,-6.55215,
1305,65.25,-10.36864,-6.56224,
1306,65.3,-10.37704,-6.56909,
1307,65.35001,-10.38531,-6.57388,
1308,65.4,-10.39357,-6.57584,
1309,65.45,-10.40224,-6.58407,
1310,65.5,-10.41051,-6.58812,
1311,65.55,-10.41864,-6.59166,
1312,65.60001,-10.42718,-6.59766,
1313,65.65,-10.43544,-6.59998,
1314,65.70001,-10.44357,-6.60932,
1315,65.75,-10.45197,-6.60712,
1316,65.8,-10.46037,-6.61757,
1317,65.85001,-10.46851,-6.61641,
1318,65.9,-10.47677,-6.62661,
1319,65.95001,-10.48531,-6.62497,
1320,66.0,-10.49371,-6.63555,
1321,66.05,-10.50197,-6.63841,
1322,66.10001,-10.51037,-6.64382,
1323,66.15,-10.51877,-6.64829,
1324,66.20001,-10.52704,-6.65416,
1325,66.25,-10.53544,-6.65853,
1326,66.3,-10.54384,-6.6627,
1327,66.35001,-10.55224,-6.66892,
1328,66.4,-10.56064,-6.67127,
1329,66.45001,-10.56864,-6.67877,
1330,66.5,-10.57717,-6.6751,
1331,66.55,-10.58544,-6.68967,
1332,66.60001,-10.59344,-6.68489,
1333,66.65,-10.60184,-6.69271,
1334,66.70001,-10.61037,-6.69563,
1335,66.75,-10.61851,-6.70323,
1336,66.8,-10.62691,-6.703,
1337,66.85001,-10.63557,-6.71247,
1338,66.9,-10.64371,-6.71558,
1339,66.95001,-10.65184,-6.71726,
1340,67.0,-10.66051,-6.72397,
1341,67.05,-10.66877,-6.72757,
1342,67.10001,-10.67717,-6.74058,
1343,67.15,-10.68557,-6.73144,
1344,67.20001,-10.69397,-6.75209,
1345,67.25,-10.70211,-6.74292,
1346,67.3,-10.71037,-6.75534,
1347,67.35001,-10.71864,-6.75286,
1348,67.4,-10.72704,-6.76428,
1349,67.45001,-10.73531,-6.76149,
1350,67.5,-10.74344,-6.77259,
1351,67.55,-10.75197,-6.76763,
1352,67.60001,-10.76024,-6.77993,
1353,67.65,-10.76851,-6.77979,
1354,67.70001,-10.77691,-6.78412,
1355,67.75,-10.78544,-6.79064,
1356,67.8,-10.79371,-6.79576,
1357,67.85001,-10.80184,-6.79864,
1358,67.9,-10.81051,-6.80156,
1359,67.95001,-10.81891,-6.80969,
1360,68.0,-10.82704,-6.80814,
1361,68.05,-10.83531,-6.8168,
1362,68.10001,-10.84384,-6.81525,
1363,68.15,-10.85184,-6.82429,
1364,68.20001,-10.86011,-6.82194,
1365,68.25,-10.86864,-6.83069,
1366,68.3,-10.87691,-6.82995,
1367,68.35001,-10.88504,-6.84012,
1368,68.4,-10.89357,-6.83942,
1369,68.45001,-10.90197,-6.84855,
1370,68.5,-10.91037,-6.84764,
1371,68.55,-10.91864,-6.85936,
1372,68.60001,-10.92691,-6.85357,
1373,68.65,-10.93544,-6.8679,
1374,68.70001,-10.94371,-6.86148,
1375,68.75,-10.95197,-6.88117,
1376,68.8,-10.96051,-6.86641,
1377,68.85001,-10.96877,-6.89045,
1378,68.9,-10.97677,-6.87819,
1379,68.95001,-10.98531,-6.89483,
1380,69.0,-10.99384,-6.8897,
1381,69.05,-11.00184,-6.90548,
1382,69.10001,-11.01011,-6.89772,
1383,69.15,-11.01877,-6.9153,
1384,69.20001,-11.02691,-6.90878,
1385,69.25,-11.03517,-6.92259,
1386,69.3,-11.04371,-6.9204,
1387,69.35001,-11.05211,-6.93202,
1388,69.4,-11.06037,-6.93099,
1389,69.45001,-11.06877,-6.9423,
1390,69.5,-11.07704,-6.93986,
1391,69.55,-11.08544,-6.9487,
1392,69.60001,-11.09384,-6.95083,
1393,69.65,-11.10184,-6.9574,
1394,69.70001,-11.11051,-6.95774,
1395,69.75,-11.11877,-6.96688,
1396,69.8,-11.12691,-6.96626,
1397,69.85001,-11.13531,-6.9759,
1398,69.9,-11.14371,-6.97343,
1399,69.95001,-11.15171,-6.98451,
1400,70.0,-11.16011,-6.98233,
1401,70.05,-11.16891,-6.99326,
1402,70.10001,-11.17704,-6.99591,
1403,70.15,-11.18531,-7.00261,
1404,70.20001,-11.19384,-7.00451,
1405,70.25,-11.20224,-7.01411,
1406,70.3,-11.21051,-7.01207,
1407,70.35001,-11.21891,-7.02335,
1408,70.4,-11.22717,-7.02004,
1409,70.45001,-11.23544,-7.03011,
1410,70.5,-11.24371,-7.02838,
1411,70.55,-11.25197,-7.03745,
1412,70.60001,-11.26037,-7.03495,
1413,70.65,-11.26864,-7.04277,
1414,70.70001,-11.27677,-7.04412,
1415,70.75,-11.28531,-7.04777,
1416,70.8,-11.29371,-7.05149,
1417,70.85001,-11.30184,-7.05864,
1418,70.9,-11.31011,-7.05837,
1419,70.95001,-11.31877,-7.06365,
1420,71.0,-11.32704,-7.07018,
1421,71.05,-11.33531,-7.07155,
1422,71.10001,-11.34384,-7.07555,
1423,71.15,-11.35237,-7.08299,
1424,71.20001,-11.36037,-7.08482,
1425,71.25,-11.36864,-7.08809,
1426,71.3,-11.37717,-7.09293,
1427,71.35001,-11.38517,-7.09562,
1428,71.4,-11.39344,-7.09899,
1429,71.45001,-11.40184,-7.10433,
1430,71.5,-11.41024,-7.10666,
1431,71.55,-11.41851,-7.11263,
1432,71.60001,-11.42691,-7.1192,
1433,71.65,-11.43531,-7.12302,
1434,71.70001,-11.44384,-7.12856,
1435,71.75,-11.45211,-7.13695,
1436,71.8,-11.46037,-7.1382,
1437,71.85001,-11.46877,-7.14513,
1438,71.9,-11.47704,-7.14934,
1439,71.95001,-11.48517,-7.15552,
1440,72.0,-11.49384,-7.15782,
1441,72.05,-11.50211,-7.16677,
1442,72.10001,-11.5101,-7.16995,
1443,72.15,-11.51851,-7.17391,
1444,72.20001,-11.52717,-7.18195,
1445,72.25,-11.53517,-7.18847,
1446,72.3,-11.54344,-7.19136,
1447,72.35001,-11.55211,-7.19958,
1448,72.4,-11.56037,-7.20556,
1449,72.45001,-11.56864,-7.21232,
1450,72.5,-11.57717,-7.21561,
1451,72.55,-11.58544,-7.22457,
1452,72.60001,-11.59371,-7.22926,
1453,72.65,-11.60224,-7.23491,
1454,72.70001,-11.61051,-7.24351,
1455,72.75,-11.61877,-7.24765,
1456,72.8,-11.62717,-7.25449,
1457,72.85001,-11.63517,-7.2602,
1458,72.9,-11.64384,-7.2645,
1459,72.95001,-11.65224,-7.27457,
1460,73.0,-11.6601,-7.27783,
1461,73.05,-11.66864,-7.2831,
1462,73.10001,-11.67717,-7.29008,
1463,73.15,-11.68517,-7.29831,
1464,73.20001,-11.69357,-7.30074,
1465,73.25,-11.70224,-7.31175,
1466,73.3,-11.71037,-7.31875,
1467,73.35001,-11.71851,-7.3226,
1468,73.4,-11.72717,-7.32968,
1469,73.45001,-11.73544,-7.33907,
1470,73.5,-11.7437,-7.34079,
1471,73.55,-11.75224,-7.3501,
1472,73.60001,-11.7605,-7.35402,
1473,73.65,-11.76864,-7.36183,
1474,73.70001,-11.77704,-7.36571,
1475,73.75,-11.78517,-7.37284,
1476,73.8,-11.7937,-7.3775,
1477,73.85001,-11.80197,-7.38501,
1478,73.9,-11.8101,-7.39071,
1479,73.95001,-11.81864,-7.39429,
1480,74.0,-11.82717,-7.40408,
1481,74.05,-11.8353,-7.4106,
1482,74.10001,-11.8437,-7.41418,
1483,74.15,-11.85224,-7.42138,
1484,74.20001,-11.8605,-7.42946,
1485,74.25,-11.86864,-7.43193,
1486,74.3,-11.87717,-7.43953,
1487,74.35001,-11.88557,-7.44481,
1488,74.4,-11.8937,-7.45111,
1489,74.45001,-11.90197,-7.45425,
1490,74.5,-11.9105,-7.46089,
1491,74.55,-11.91864,-7.46424,
1492,74.60001,-11.92677,-7.46905,
1493,74.65,-11.9353,-7.47474,
1494,74.70001,-11.94357,-7.4801,
1495,74.75,-11.9517,-7.48666,
1496,74.8,-11.96024,-7.4932,
1497,74.85001,-11.9685,-7.49807,
1498,74.9,-11.97704,-7.50607,
1499,74.95001,-11.9853,-7.51326,
1500,75.0,-11.99357,-7.51674,
1501,75.05,-12.0021,-7.52404,
1502,75.10001,-12.0105,-7.53218,
1503,75.15,-12.01864,-7.53592,
1504,75.20001,-12.02704,-7.53875,
1505,75.25,-12.03544,-7.54826,
1506,75.3,-12.04344,-7.55136,
1507,75.35001,-12.05184,-7.55668,
1508,75.4,-12.0605,-7.56441,
1509,75.45001,-12.0685,-7.573,
1510,75.5,-12.07677,-7.57531,
1511,75.55,-12.0853,-7.58334,
1512,75.60001,-12.0937,-7.59137,
1513,75.65,-12.10197,-7.5973,
1514,75.70001,-12.1105,-7.60343,
1515,75.75,-12.11877,-7.61057,
1516,75.8,-12.12717,-7.61747,
1517,75.85001,-12.13544,-7.62354,
1518,75.9,-12.1437,-7.62919,
1519,75.95001,-12.15224,-7.63506,
1520,76.0,-12.1605,-7.64372,
1521,76.05,-12.1685,-7.64754,
1522,76.10001,-12.17704,-7.65519,
1523,76.15,-12.18544,-7.66036,
1524,76.20001,-12.19344,-7.67247,
1525,76.25,-12.20184,-7.66939,
1526,76.3,-12.2105,-7.68456,
1527,76.35001,-12.2185,-7.68589,
1528,76.4,-12.2269,-7.69443,
1529,76.45001,-12.23557,-7.69893,
1530,76.5,-12.2437,-7.71195,
1531,76.55,-12.25197,-7.71276,
1532,76.60001,-12.2605,-7.72407,
1533,76.65,-12.2689,-7.72882,
1534,76.70001,-12.27704,-7.74003,
1535,76.75,-12.28544,-7.74064,
1536,76.8,-12.29384,-7.75285,
1537,76.85001,-12.3021,-7.75695,
1538,76.9,-12.31037,-7.76224,
1539,76.95001,-12.31864,-7.77101,
1540,77.0,-12.32717,-7.77577,
1541,77.05,-12.33544,-7.78265,
1542,77.10001,-12.34357,-7.7895,
1543,77.15,-12.35197,-7.7936,
1544,77.20001,-12.36037,-7.80265,
1545,77.25,-12.36864,-7.80905,
1546,77.3,-12.3769,-7.81521,
1547,77.35001,-12.38557,-7.82193,
1548,77.4,-12.39384,-7.82873,
1549,77.45001,-12.40197,-7.83526,
1550,77.5,-12.4105,-7.8417,
1551,77.55,-12.4189,-7.84936,
1552,77.60001,-12.42704,-7.85701,
1553,77.65,-12.4353,-7.86186,
1554,77.70001,-12.44384,-7.86948,
1555,77.75,-12.45197,-7.87442,
1556,77.8,-12.46024,-7.88178,
1557,77.85001,-12.46864,-7.88881,
1558,77.9,-12.4769,-7.8938,
1559,77.95001,-12.48517,-7.90251,
1560,78.0,-12.49357,-7.90924,
1561,78.05,-12.50197,-7.9144,
1562,78.10001,-12.51037,-7.92439,
1563,78.15,-12.51877,-7.93169,
1564,78.20001,-12.5269,-7.93622,
1565,78.25,-12.53557,-7.94572,
1566,78.3,-12.54384,-7.95489,
1567,78.35001,-12.55197,-7.96023,
1568,78.4,-12.5605,-7.96642,
1569,78.45001,-12.56877,-7.9753,
1570,78.5,-12.5769,-7.98244,
1571,78.55,-12.58517,-7.98624,
1572,78.60001,-12.59384,-7.99601,
1573,78.65,-12.60184,-8.00253,
1574,78.70001,-12.6101,-8.00767,
1575,78.75,-12.61864,-8.01417,
1576,78.8,-12.6269,-8.02246,
1577,78.85001,-12.63504,-8.02795,
1578,78.9,-12.6437,-8.03498,
1579,78.95001,-12.6521,-8.04164,
1580,79.0,-12.66037,-8.05085,
1581,79.05,-12.66877,-8.05533,
1582,79.10001,-12.67704,-8.06533,
1583,79.15,-12.68557,-8.07049,
1584,79.20001,-12.69384,-8.07844,
1585,79.25,-12.70197,-8.08478,
1586,79.3,-12.7105,-8.09134,
1587,79.35001,-12.7189,-8.1006,
1588,79.4,-12.72677,-8.10696,
1589,79.45001,-12.73517,-8.11209,
1590,79.5,-12.7437,-8.12124,
1591,79.55,-12.75184,-8.12941,
1592,79.60001,-12.76024,-8.13614,
1593,79.65,-12.7689,-8.14515,
1594,79.70001,-12.7769,-8.15147,
1595,79.75,-12.78517,-8.1611,
1596,79.8,-12.79384,-8.16568,
1597,79.85001,-12.8021,-8.17712,
1598,79.9,-12.81037,-8.1812,
1599,79.95001,-12.81877,-8.19179,
1600,80.0,-12.82717,-8.19765,
1601,80.05,-12.8353,-8.20724,
1602,80.10001,-12.8437,-8.21393,
1603,80.15,-12.85197,-8.22439,
1604,80.20001,-12.8605,-8.22979,
1605,80.25,-12.86877,-8.2436,
1606,80.3,-12.8769,-8.24835,
1607,80.35001,-12.8853,-8.25598,
1608,80.4,-12.89384,-8.26753,
1609,80.45001,-12.90197,-8.27797,
1610,80.50001,-12.91023,-8.28092,
1611,80.55,-12.9189,-8.29379,
1612,80.60001,-12.92703,-8.30323,
1613,80.65,-12.93517,-8.31039,
1614,80.70001,-12.9437,-8.31551,
1615,80.75001,-12.95224,-8.33051,
1616,80.8,-12.96023,-8.33318,
1617,80.85001,-12.96864,-8.34408,
1618,80.9,-12.97703,-8.34899,
1619,80.95001,-12.9853,-8.35854,
1620,81.00001,-12.99344,-8.36684,
1621,81.05,-13.00197,-8.37482,
1622,81.10001,-13.01023,-8.38348,
1623,81.15,-13.0185,-8.39084,
1624,81.20001,-13.02677,-8.4003,
1625,81.25001,-13.03517,-8.40757,
1626,81.3,-13.0437,-8.4196,
1627,81.35001,-13.05197,-8.42711,
1628,81.4,-13.06023,-8.43611,
1629,81.45001,-13.06877,-8.44398,
1630,81.50001,-13.07703,-8.4563,
1631,81.55,-13.08517,-8.46153,
1632,81.60001,-13.0937,-8.47196,
1633,81.65,-13.1021,-8.481,
1634,81.70001,-13.1101,-8.48897,
1635,81.75001,-13.1185,-8.49414,
1636,81.8,-13.12703,-8.50731,
1637,81.85001,-13.13503,-8.51075,
1638,81.9,-13.1433,-8.52088,
1639,81.95001,-13.15197,-8.52723,
1640,82.00001,-13.16023,-8.54078,
1641,82.05,-13.16863,-8.54493,
1642,82.10001,-13.17703,-8.55835,
1643,82.15,-13.18543,-8.56426,
1644,82.20001,-13.19383,-8.57638,
1645,82.25001,-13.2021,-8.58184,
1646,82.3,-13.21037,-8.59388,
1647,82.35001,-13.2189,-8.59913,
1648,82.4,-13.22717,-8.61405,
1649,82.45001,-13.23517,-8.61624,
1650,82.50001,-13.24383,-8.62714,
1651,82.55,-13.2521,-8.63543,
1652,82.60001,-13.2601,-8.64689,
1653,82.65,-13.26863,-8.64908,
1654,82.70001,-13.27703,-8.66296,
1655,82.75001,-13.28503,-8.66929,
1656,82.8,-13.29343,-8.67645,
1657,82.85001,-13.3021,-8.68402,
1658,82.9,-13.31037,-8.70026,
1659,82.95001,-13.31863,-8.70187,
1660,83.00001,-13.32717,-8.71538,
1661,83.05,-13.33557,-8.72005,
1662,83.10001,-13.3437,-8.7309,
1663,83.15,-13.3521,-8.73568,
1664,83.20001,-13.3605,-8.74682,
1665,83.25001,-13.36877,-8.75337,
1666,83.3,-13.37717,-8.76242,
1667,83.35001,-13.3853,-8.77113,
1668,83.4,-13.39383,-8.77779,
1669,83.45001,-13.4021,-8.78829,
1670,83.50001,-13.41023,-8.7957,
1671,83.55,-13.41863,-8.80156,
1672,83.60001,-13.42717,-8.81138,
1673,83.65,-13.4353,-8.82109,
1674,83.70001,-13.44357,-8.82366,
1675,83.75001,-13.4521,-8.83537,
1676,83.8,-13.4605,-8.84318,
1677,83.85001,-13.46877,-8.85108,
1678,83.9,-13.47717,-8.85737,
1679,83.95001,-13.48543,-8.86691,
1680,84.00001,-13.49357,-8.87225,
1681,84.05,-13.50197,-8.88063,
1682,84.10001,-13.5105,-8.88899,
1683,84.15,-13.51863,-8.89414,
1684,84.20001,-13.5269,-8.9014,
1685,84.25001,-13.5353,-8.91232,
1686,84.3,-13.54357,-8.91827,
1687,84.35001,-13.55183,-8.92779,
1688,84.4,-13.56023,-8.9359,
1689,84.45001,-13.5685,-8.94315,
1690,84.50001,-13.57703,-8.95318,
1691,84.55,-13.5853,-8.96379,
1692,84.60001,-13.59357,-8.96888,
1693,84.65,-13.60197,-8.97783,
1694,84.70001,-13.61037,-8.9872,
1695,84.75001,-13.6185,-8.99337,
1696,84.8,-13.62703,-9.00259,
1697,84.85001,-13.63543,-9.01348,
1698,84.9,-13.64357,-9.02001,
1699,84.95001,-13.65183,-9.02432,
1700,85.00001,-13.6605,-9.03696,
1701,85.05,-13.6685,-9.0426,
1702,85.10001,-13.67677,-9.0514,
1703,85.15,-13.68543,-9.05838,
1704,85.20001,-13.6937,-9.07038,
1705,85.25001,-13.70197,-9.07488,
1706,85.3,-13.7105,-9.08752,
1707,85.35001,-13.71877,-9.0931,
1708,85.4,-13.72703,-9.10382,
1709,85.45001,-13.73557,-9.11223,
1710,85.50001,-13.74383,-9.11713,
1711,85.55,-13.75223,-9.12945,
1712,85.60001,-13.76063,-9.13568,
1713,85.65,-13.76863,-9.14436,
1714,85.70001,-13.77717,-9.14869,
1715,85.75001,-13.78543,-9.16099,
1716,85.8,-13.79343,-9.16532,
1717,85.85001,-13.80197,-9.17581,
1718,85.9,-13.81037,-9.18325,
1719,85.95001,-13.81837,-9.19575,
1720,86.00001,-13.82677,-9.19799,
1721,86.05,-13.83557,-9.21456,
1722,86.10001,-13.8437,-9.22288,
1723,86.15,-13.85197,-9.23316,
1724,86.20001,-13.86063,-9.23966,
1725,86.25001,-13.86877,-9.25345,
1726,86.3,-13.87703,-9.2566,
1727,86.35001,-13.88543,-9.26988,
1728,86.4,-13.89383,-9.27652,
1729,86.45001,-13.9021,-9.28736,
1730,86.50001,-13.91037,-9.29275,
1731,86.55,-13.91863,-9.30463,
1732,86.60001,-13.9269,-9.30653,
1733,86.65,-13.93517,-9.31942,
1734,86.70001,-13.9433,-9.32624,
1735,86.75001,-13.95183,-9.33406,
1736,86.8,-13.96037,-9.34702,
1737,86.85001,-13.9685,-9.35863,
1738,86.9,-13.9769,-9.36596,
1739,86.95001,-13.9857,-9.37876,
1740,87.00001,-13.99383,-9.38856,
1741,87.05,-14.00183,-9.39411,
1742,87.10001,-14.01037,-9.40088,
1743,87.15,-14.01877,-9.41245,
1744,87.20001,-14.0269,-9.41861,
1745,87.25001,-14.0353,-9.42758,
1746,87.3,-14.04383,-9.43799,
1747,87.35001,-14.05197,-9.44714,
1748,87.4,-14.06023,-9.45648,
1749,87.45001,-14.06863,-9.46751,
1750,87.50001,-14.07703,-9.47315,
1751,87.55,-14.0853,-9.48531,
1752,87.60001,-14.0937,-9.49463,
1753,87.65,-14.10197,-9.50285,
1754,87.70001,-14.11037,-9.51367,
1755,87.75001,-14.11863,-9.52638,
1756,87.8,-14.12703,-9.53297,
1757,87.85001,-14.13557,-9.54344,
1758,87.9,-14.14383,-9.55522,
1759,87.95001,-14.15197,-9.56128,
1760,88.00001,-14.1605,-9.56904,
1761,88.05,-14.16877,-9.58313,
1762,88.10001,-14.1769,-9.59073,
1763,88.15,-14.1853,-9.59737,
1764,88.20001,-14.1937,-9.60901,
1765,88.25001,-14.20183,-9.62017,
1766,88.3,-14.2101,-9.62732,
1767,88.35001,-14.21863,-9.63819,
1768,88.4,-14.2269,-9.65139,
1769,88.45001,-14.23503,-9.6602,
1770,88.50001,-14.24357,-9.66973,
1771,88.55,-14.25197,-9.68137,
1772,88.60001,-14.26037,-9.69406,
1773,88.65,-14.26877,-9.7046,
1774,88.70001,-14.27703,-9.71729,
1775,88.75001,-14.28557,-9.72938,
1776,88.8,-14.29383,-9.74259,
1777,88.85001,-14.30183,-9.75154,
1778,88.9,-14.3105,-9.76339,
1779,88.95001,-14.3189,-9.77748,
1780,89.00001,-14.3269,-9.78993,
1781,89.05,-14.3353,-9.79808,
1782,89.10001,-14.3437,-9.81373,
1783,89.15,-14.3517,-9.82509,
1784,89.20001,-14.36023,-9.83752,
1785,89.25001,-14.3689,-9.85403,
1786,89.3,-14.37703,-9.86857,
1787,89.35001,-14.38516,-9.87763,
1788,89.4,-14.39383,-9.89102,
1789,89.45001,-14.4021,-9.90755,
1790,89.50001,-14.41036,-9.91784,
1791,89.55,-14.4189,-9.93339,
1792,89.60001,-14.4273,-9.94601,
1793,89.65,-14.43543,-9.9587,
1794,89.70001,-14.4437,-9.96913,
1795,89.75001,-14.45196,-9.98469,
1796,89.8,-14.46036,-9.99402,
1797,89.85001,-14.46863,-10.01162,
1798,89.9,-14.4769,-10.02338,
1799,89.95001,-14.4853,-10.03604,
1800,90.00001,-14.4937,-10.05081,
1801,90.05,-14.50196,-10.06747,
1802,90.10001,-14.51023,-10.07734,
1803,90.136,-14.5165,-10.08897,
