"Latest: Time (s)","Latest: Temperature (°C)","Run 1: Time (s)","Run 1: Temperature (°C)"
0,68.7556142392,0,57.0219236207
0.5,68.7109571082,0.5,57.0219236207
1,68.7109571082,1,57.0219236207
1.5,68.666350914,1.5,56.988140668
2,68.666350914,2,57.0219236207
2.5,68.621795517,2.5,56.988140668
3,68.621795517,3,56.988140668
3.5,68.5772907784,3.5,56.988140668
4,68.5328729473,4,56.988140668
4.5,68.4885054159,4.5,56.988140668
5,68.4441880474,5,56.988140668
5.5,68.3999207053,5.5,56.988140668
6,68.3553410213,6,56.988140668
6.5,68.3111737319,6.5,56.988140668
7,68.3111737319,7,56.988140668
7.5,68.3111737319,7.5,56.988140668
8,68.2670560614,8,56.988140668
8.5,68.2229878756,8.5,56.988140668
9,68.2229878756,9,56.988140668
9.5,68.1789690405,9.5,56.988140668
10,68.1789690405,10,56.988140668
10.5,68.2229878756,10.5,56.988140668
11,68.1789690405,11,56.9543822738
11.5,68.1789690405,11.5,56.9543822738
12,68.1789690405,12,56.9543822738
12.5,68.1789690405,12.5,56.9206483859
13,68.1349994227,13,56.9206483859
13.5,68.0910788893,13.5,56.9206483859
14,68.0910788893,14,56.8869389522
14.5,68.0910788893,14.5,56.8529779144
15,68.047207308,15,56.8529779144
15.5,68.047207308,15.5,56.8193174325
16,68.047207308,16,56.8193174325
16.5,68.047207308,16.5,56.7856812487
17,68.047207308,17,56.7520693114
17.5,68.047207308,17.5,56.7520693114
18,68.047207308,18,56.7184815692
18.5,68.047207308,18.5,56.7184815692
19,68.0033845469,19,56.6849179708
19.5,67.9155267544,19.5,56.6849179708
20,67.9155267544,20,56.6849179708
20.5,67.8718500637,20.5,56.651378465
21,67.8282216695,21,56.651378465
21.5,67.7846414424,21.5,56.651378465
22,67.7411092533,22,56.651378465
22.5,67.7846414424,22.5,56.651378465
23,67.7411092533,23,56.651378465
23.5,67.7411092533,23.5,56.651378465
24,67.7411092533,24,56.651378465
24.5,67.7411092533,24.5,56.651378465
25,67.7411092533,25,56.651378465
25.5,67.7411092533,25.5,56.6178630008
26,67.7411092533,26,56.651378465
26.5,67.7411092533,26.5,56.6178630008
27,67.6976249738,27,56.5843715273
27.5,67.6976249738,27.5,56.5843715273
28,67.654188476,28,56.5843715273
28.5,67.654188476,28.5,56.5843715273
29,67.6107996322,29,56.5509039938
29.5,67.5674583155,29.5,56.5509039938
30,67.5241643992,30,56.5509039938
30.5,67.4805634716,30.5,56.5171863199
31,67.4373643643,31,56.5171863199
31.5,67.3942122796,31.5,56.4837667097
32,67.3511070926,32,56.4503708875
32.5,67.3080486792,32.5,56.4503708875
33,67.2650369155,33,56.4503708875
33.5,67.2220716783,33.5,56.4169988032
34,67.2220716783,34,56.4169988032
34.5,67.2220716783,34.5,56.4169988032
35,67.2220716783,35,56.4169988032
35.5,67.2220716783,35.5,56.4169988032
36,67.2220716783,36,56.3836504067
36.5,67.2220716783,36.5,56.3836504067
37,67.1791528445,37,56.350325648
37.5,67.1362802917,37.5,56.3836504067
38,67.0934538981,38,56.350325648
38.5,67.0503230732,38.5,56.3170244773
39,66.9649007402,39,56.350325648
39.5,66.8796611058,39.5,56.3170244773
40,66.8371095014,40,56.3170244773
40.5,66.7097261136,40.5,56.3170244773
41,66.6246821123,41,56.2837468448
41.5,66.5824010042,41.5,56.2837468448
42,66.4979725051,42,56.2504927012
42.5,66.4558248826,42.5,56.2504927012
43,66.4137215246,43,56.2172619968
43.5,66.3716623163,43.5,56.2172619968
44,66.3296471435,44,56.2172619968
44.5,66.2876758922,44.5,56.2172619968
45,66.2876758922,45,56.1837825879
45.5,66.2876758922,45.5,56.1837825879
46,66.245748449,46,56.1837825879
46.5,66.245748449,46.5,56.1837825879
47,66.245748449,47,56.1505988056
47.5,66.245748449,47.5,56.1505988056
48,66.245748449,48,56.1505988056
48.5,66.1616817626,48.5,56.1505988056
49,66.1616817626,49,56.1505988056
49.5,66.1198854227,49.5,56.1505988056
50,66.1198854227,50,56.1505988056
50.5,66.0364227034,50.5,56.1174383147
51,65.9947561014,51,56.1174383147
51.5,65.9531325235,51.5,56.1174383147
52,65.8700139993,52,56.0843010664
52.5,65.8285188335,52.5,56.0511870118
53,65.7867266534,53,56.0843010664
53.5,65.7453168971,53.5,56.0511870118
54,65.7453168971,54,56.0511870118
54.5,65.7039495081,54.5,56.0180961023
55,65.6626243784,55,56.0180961023
55.5,65.7039495081,55.5,55.9850282894
56,65.6626243784,56,55.9850282894
56.5,65.6626243784,56.5,55.9519835247
57,65.6626243784,57,55.9519835247
57.5,65.6626243784,57.5,55.9519835247
58,65.6213414005,58,55.9519835247
58.5,65.6213414005,58.5,55.9519835247
59,65.6213414005,59,55.9519835247
59.5,65.580100467,59.5,55.9519835247
60,65.5389014711,60,55.9189617599
60.5,65.4977443064,60.5,55.9189617599
61,65.4977443064,61,55.9189617599
61.5,65.4566288668,61.5,55.9189617599
62,65.4155550466,62,55.9189617599
62.5,65.3741865811,62.5,55.9189617599
63,65.3331960228,63,55.9189617599
63.5,65.3331960228,63.5,55.9189617599
64,65.3331960228,64,55.9189617599
64.5,65.2922467679,64.5,55.885962947
65,65.2513387123,65,55.885962947
65.5,65.2513387123,65.5,55.885962947
66,65.2513387123,66,55.852716838
66.5,65.2513387123,66.5,55.885962947
67,65.210471752,67,55.852716838
67.5,65.210471752,67.5,55.852716838
68,65.210471752,68,55.852716838
68.5,65.210471752,68.5,55.852716838
69,65.210471752,69,55.852716838
69.5,65.210471752,69.5,55.852716838
70,65.1288607034,70,55.8197639719
70.5,65.0881164092,70.5,55.8197639719
71,65.0067497684,71,55.8197639719
71.5,64.9252125713,71.5,55.8197639719
72,64.8441696148,72,55.8197639719
72.5,64.8037082991,72.5,55.7868339135
73,64.7632869583,73,55.7868339135
73.5,64.7632869583,73.5,55.7868339135
74,64.7229054928,74,55.7868339135
74.5,64.7229054928,74.5,55.7539266153
75,64.7229054928,75,55.7539266153
75.5,64.7632869583,75.5,55.7210420296
76,64.7632869583,76,55.7210420296
76.5,64.7632869583,76.5,55.7210420296
77,64.7229054928,77,55.7210420296
77.5,64.7229054928,77.5,55.6881801092
78,64.7229054928,78,55.6881801092
78.5,64.682563803,78.5,55.6881801092
79,64.7229054928,79,55.6553408067
79.5,64.7229054928,79.5,55.6553408067
80,64.7229054928,80,55.6553408067
80.5,64.7229054928,80.5,55.6553408067
81,64.7229054928,81,55.6553408067
81.5,64.7229054928,81.5,55.622524075
82,64.7229054928,82,55.622524075
82.5,64.7229054928,82.5,55.5897298671
83,64.7229054928,83,55.5897298671
83.5,64.682563803,83.5,55.5897298671
84,64.682563803,84,55.5897298671
84.5,64.6422617901,84.5,55.5569581361
85,64.6422617901,85,55.5569581361
85.5,64.6019993553,85.5,55.5569581361
86,64.6019993553,86,55.5239404908
86.5,64.5614468669,86.5,55.5569581361
87,64.5212636161,87,55.5239404908
87.5,64.5212636161,87.5,55.5569581361
88,64.5614468669,88,55.5239404908
88.5,64.5614468669,88.5,55.5239404908
89,64.5614468669,89,55.5239404908
89.5,64.5212636161,89.5,55.4912137566
90,64.4811196486,90,55.4912137566
90.5,64.4811196486,90.5,55.4912137566
91,64.441014867,91,55.458509359
91.5,64.441014867,91.5,55.4912137566
92,64.360922474,92,55.4912137566
92.5,64.360922474,92.5,55.458509359
93,64.3209346695,93,55.458509359
93.5,64.2809856649,93.5,55.458509359
94,64.2410753644,94,55.458509359
94.5,64.2410753644,94.5,55.4258272515
95,64.2012036726,95,55.4258272515
95.5,64.1610441519,95.5,55.3931673878
96,64.1610441519,96,55.3931673878
96.5,64.1212497072,96.5,55.3931673878
97,64.1212497072,97,55.3931673878
97.5,64.0814935862,97.5,55.3605297218
98,64.0814935862,98,55.3605297218
98.5,64.0814935862,98.5,55.3931673878
99,64.0814935862,99,55.3605297218
99.5,64.0814935862,99.5,55.3605297218
100,64.0814935862,100,55.3605297218
100.5,64.1212497072,100.5,55.3279142073
101,64.0814935862,101,55.3279142073
101.5,64.0814935862,101.5,55.3279142073
102,64.0814935862,102,55.3279142073
102.5,64.0020959392,102.5,55.3279142073
103,63.9624542258,103,55.3279142073
103.5,63.9228504616,103.5,55.3279142073
104,63.9228504616,104,55.2953207986
104.5,63.8437564093,104.5,55.2953207986
105,63.8437564093,105,55.2953207986
105.5,63.8437564093,105.5,55.2953207986
106,63.8437564093,106,55.2627494496
106.5,63.8042659365,106.5,55.2627494496
107,63.8437564093,107,55.2627494496
107.5,63.8042659365,107.5,55.2627494496
108,63.7644898138,108,55.2627494496
108.5,63.7644898138,108.5,55.2302001148
109,63.7250747152,109,55.2302001148
109.5,63.6856970123,109.5,55.2302001148
110,63.6070534302,110,55.1974062215
110.5,63.5677873697,110.5,55.1974062215
111,63.5285583427,111,55.1974062215
111.5,63.5285583427,111.5,55.1974062215
112,63.4893662592,112,55.1974062215
112.5,63.4893662592,112.5,55.1649009578
113,63.4502110299,113,55.1649009578
113.5,63.4502110299,113.5,55.1649009578
114,63.4502110299,114,55.1324175715
114.5,63.4502110299,114.5,55.1324175715
115,63.4893662592,115,55.1324175715
115.5,63.4893662592,115.5,55.0999560173
116,63.4893662592,116,55.1324175715
116.5,63.5285583427,116.5,55.1324175715
117,63.4893662592,117,55.0999560173
117.5,63.5285583427,117.5,55.0999560173
118,63.5285583427,118,55.0999560173
118.5,63.5677873697,118.5,55.0999560173
119,63.5285583427,119,55.0675162501
119.5,63.5677873697,119.5,55.0675162501
120,63.5285583427,120,55.0675162501
120.5,63.4893662592,120.5,55.0675162501
121,63.4502110299,121,55.0350982249
121.5,63.4110925654,121.5,55.0675162501
122,63.3326456836,122,55.0350982249
122.5,63.2936372798,122.5,55.0350982249
123,63.2157296147,123,55.0350982249
123.5,63.176830178,123.5,55.0350982249
124,63.1379668888,124,55.0027018968
124.5,63.0991396602,124.5,55.0027018968
125,63.0603484056,125,55.0027018968
125.5,63.0603484056,125.5,55.0027018968
126,63.0603484056,126,54.9703272211
126.5,63.0603484056,126.5,54.9703272211
127,63.0603484056,127,54.9703272211
127.5,63.0603484056,127.5,54.937974153
128,63.0603484056,128,54.937974153
128.5,63.0603484056,128.5,54.937974153
129,63.0603484056,129,54.937974153
129.5,63.0603484056,129.5,54.937974153
130,63.0603484056,130,54.905642648
130.5,63.0603484056,130.5,54.905642648
131,63.0603484056,131,54.905642648
131.5,63.0215930385,131.5,54.8730679145
132,63.0215930385,132,54.8730679145
132.5,62.9825562472,132.5,54.8730679145
133,62.9825562472,133,54.8730679145
133.5,62.9438726897,133.5,54.8730679145
134,62.9438726897,134,54.8730679145
134.5,62.9052247616,134.5,54.8730679145
135,62.9052247616,135,54.8407795784
135.5,62.8666123777,135.5,54.8407795784
136,62.8666123777,136,54.8407795784
136.5,62.8666123777,136.5,54.8407795784
137,62.8280354531,137,54.8407795784
137.5,62.8280354531,137.5,54.8407795784
138,62.7894939029,138,54.8407795784
138.5,62.7894939029,138.5,54.8085126721
139,62.7509876428,139,54.8085126721
139.5,62.7125165887,139.5,54.8085126721
140,62.7125165887,140,54.7762671514
140.5,62.7125165887,140.5,54.7762671514
141,62.7509876428,141,54.7440429724
141.5,62.7894939029,141.5,54.7762671514
142,62.7509876428,142,54.7440429724
142.5,62.7125165887,142.5,54.7440429724
143,62.7125165887,143,54.7440429724
143.5,62.6740806565,143.5,54.7118400913
144,62.6356797627,144,54.7118400913
144.5,62.5969994933,144.5,54.7118400913
145,62.5586687121,145,54.7118400913
145.5,62.5203727193,145.5,54.7118400913
146,62.4821114325,146,54.7118400913
146.5,62.4438847693,146.5,54.6796584641
147,62.4438847693,147,54.6796584641
147.5,62.4056926477,147.5,54.6796584641
148,62.3675349859,148,54.6796584641
148.5,62.3675349859,148.5,54.6796584641
149,62.3675349859,149,54.6796584641
149.5,62.3294117025,149.5,54.6474980474
150,62.3294117025,150,54.6474980474
150.5,62.3294117025,150.5,54.6796584641
151,62.3294117025,151,54.6474980474
151.5,62.2913227162,151.5,54.6153587975
152,62.2913227162,152,54.6153587975
152.5,62.2913227162,152.5,54.6474980474
153,62.253267946,153,54.6153587975
153.5,62.253267946,153.5,54.6153587975
154,62.2149358074,154,54.5832406711
154.5,62.1389971793,154.5,54.6153587975
155,62.1389971793,155,54.5832406711
155.5,62.0631941276,155.5,54.5832406711
156,62.0253432439,156,54.5832406711
156.5,61.9875260159,156.5,54.5508806211
157,61.9875260159,157,54.5832406711
157.5,61.9497423646,157.5,54.5508806211
158,61.9497423646,158,54.5508806211
158.5,61.9119922113,158.5,54.5188047838
159,61.9119922113,159,54.5188047838
159.5,61.9119922113,159.5,54.5188047838
160,61.9119922113,160,54.5188047838
160.5,61.8742754777,160.5,54.5188047838
161,61.8742754777,161,54.5188047838
161.5,61.8362833426,161.5,54.48674994
162,61.8362833426,162,54.48674994
162.5,61.8362833426,162.5,54.48674994
163,61.798633486,163,54.48674994
163.5,61.7610168143,163.5,54.48674994
164,61.7610168143,164,54.4547160465
164.5,61.798633486,164.5,54.4547160465
165,61.798633486,165,54.48674994
165.5,61.798633486,165.5,54.4547160465
166,61.8362833426,166,54.4227030605
166.5,61.8362833426,166.5,54.4227030605
167,61.8362833426,167,54.4227030605
167.5,61.8362833426,167.5,54.4227030605
168,61.798633486,168,54.4227030605
168.5,61.798633486,168.5,54.4227030605
169,61.7610168143,169,54.4227030605
169.5,61.6858827165,169.5,54.4227030605
170,61.648365136,170,54.3907109392
170.5,61.610880432,170.5,54.3587396399
171,61.573428528,171,54.3907109392
171.5,61.460962809,171.5,54.3587396399
172,61.460962809,172,54.3587396399
172.5,61.4236416106,172.5,54.3587396399
173,61.3863528327,173,54.3587396399
173.5,61.3863528327,173.5,54.3267891201
174,61.3490963999,174,54.3267891201
174.5,61.3118722376,174.5,54.3267891201
175,61.3118722376,175,54.3267891201
175.5,61.2746802709,175.5,54.3267891201
176,61.2746802709,176,54.3267891201
176.5,61.2746802709,176.5,54.2948593373
177,61.3118722376,177,54.2948593373
177.5,61.3118722376,177.5,54.2948593373
178,61.3118722376,178,54.2948593373
178.5,61.3490963999,178.5,54.2948593373
179,61.3490963999,179,54.2948593373
179.5,61.3490963999,179.5,54.2629502491
180,61.3490963999,180,54.2629502491
180.5,61.3490963999,,
181,61.3490963999,,
181.5,61.3490963999,,
182,61.3863528327,,
182.5,61.3490963999,,
183,61.3118722376,,
183.5,61.2746802709,,
184,61.2375204256,,
184.5,61.2003926274,,
185,61.1262328767,,
185.5,61.0888973666,,
186,61.0149288716,,
186.5,61.0149288716,,
187,61.0149288716,,
187.5,61.0149288716,,
188,61.0149288716,,
188.5,61.0149288716,,
189,61.0518972796,,
189.5,61.0518972796,,
190,61.0518972796,,
190.5,61.0518972796,,
191,61.0149288716,,
191.5,61.0149288716,,
192,61.0149288716,,
192.5,60.9779920698,,
193,60.9410868015,,
193.5,60.9410868015,,
194,60.9410868015,,
194.5,60.8673705765,,
195,60.8305594756,,
195.5,60.8305594756,,
196,60.7937796201,,
196.5,60.7937796201,,
197,60.7570309385,,
197.5,60.7570309385,,
198,60.720012524,,
198.5,60.720012524,,
199,60.6833262305,,
199.5,60.6466708971,,
200,60.6466708971,,
200.5,60.6100464531,,
201,60.6100464531,,
201.5,60.6100464531,,
202,60.6100464531,,
202.5,60.6100464531,,
203,60.5734528282,,
203.5,60.5734528282,,
204,60.536889952,,
204.5,60.536889952,,
205,60.5003577546,,
205.5,60.5003577546,,
206,60.5003577546,,
206.5,60.4638561662,,
207,60.4273851172,,
207.5,60.4273851172,,
208,60.3909445383,,
208.5,60.3909445383,,
209,60.3909445383,,
209.5,60.3909445383,,
210,60.3909445383,,
210.5,60.3909445383,,
211,60.3909445383,,
211.5,60.3542360416,,
212,60.3542360416,,
212.5,60.3542360416,,
213,60.3542360416,,
213.5,60.3178564438,,
214,60.3178564438,,
214.5,60.2815071086,,
215,60.3178564438,,
215.5,60.2815071086,,
216,60.2815071086,,
216.5,60.3178564438,,
217,60.3178564438,,
217.5,60.2815071086,,
218,60.2815071086,,
218.5,60.2815071086,,
219,60.2451879675,,
219.5,60.2451879675,,
220,60.2088989521,,
220.5,60.1726399943,,
221,60.1364110262,,
221.5,60.1364110262,,
222,60.1364110262,,
222.5,60.1002119799,,
223,60.1002119799,,
223.5,60.0640427882,,
224,60.0640427882,,
224.5,60.0640427882,,
225,60.0279033834,,
225.5,59.9914978403,,
226,59.9914978403,,
226.5,59.9554180513,,
227,59.9554180513,,
227.5,59.9193678481,,
228,59.8833471641,,
228.5,59.8833471641,,
229,59.8473559331,,
229.5,59.8113940887,,
230,59.7754615652,,
230.5,59.7395582968,,
231,59.7036842179,,
231.5,59.6317299143,,
232,59.6317299143,,
232.5,59.5959432498,,
233,59.5959432498,,
233.5,59.6317299143,,
234,59.6678392631,,
234.5,59.6317299143,,
235,59.6678392631,,
235.5,59.7036842179,,
236,59.7036842179,,
236.5,59.6678392631,,
237,59.6678392631,,
237.5,59.6317299143,,
238,59.6317299143,,
238.5,59.5959432498,,
239,59.5601855141,,
239.5,59.5601855141,,
240,59.4887565706,,
240.5,59.4887565706,,
241,59.4530852341,,
241.5,59.4530852341,,
242,59.4530852341,,
242.5,59.4530852341,,
243,59.4530852341,,
243.5,59.4530852341,,
244,59.4887565706,,
244.5,59.4887565706,,
245,59.4887565706,,
245.5,59.4530852341,,
246,59.4174425691,,
246.5,59.3818285117,,
247,59.3818285117,,
247.5,59.3462429982,,
248,59.3462429982,,
248.5,59.3462429982,,
249,59.3462429982,,
249.5,59.3106859651,,
250,59.3106859651,,
250.5,59.2748662483,,
251,59.2393662187,,
251.5,59.2038944797,,
252,59.1330356228,,
252.5,59.1330356228,,
253,59.0622891779,,
253.5,59.0622891779,,
254,59.0269579546,,
254.5,58.9916546482,,
255,58.9916546482,,
255.5,58.9916546482,,
256,58.9563791971,,
256.5,58.9563791971,,
257,58.9563791971,,
257.5,58.9563791971,,
258,58.9916546482,,
258.5,58.9916546482,,
259,59.0269579546,,
259.5,58.9916546482,,
260,59.0269579546,,
260.5,59.0269579546,,
261,59.0269579546,,
261.5,59.0269579546,,
262,58.9916546482,,
262.5,58.9916546482,,
263,58.9563791971,,
263.5,58.9208427392,,
264,58.8856230413,,
264.5,58.8504310143,,
265,58.8152665972,,
265.5,58.7801297292,,
266,58.7801297292,,
266.5,58.7450203497,,
267,58.7450203497,,
267.5,58.7450203497,,
268,58.7450203497,,
268.5,58.7801297292,,
269,58.7450203497,,
269.5,58.7450203497,,
270,58.7450203497,,
270.5,58.7099383983,,
271,58.7099383983,,
271.5,58.7099383983,,
272,58.6748838147,,
272.5,58.6398565388,,
273,58.6398565388,,
273.5,58.6398565388,,
274,58.6048565107,,
274.5,58.6048565107,,
275,58.5695971202,,
275.5,58.5695971202,,
276,58.5346516308,,
276.5,58.49973321,,
277,58.4648417986,,
277.5,58.4299773374,,
278,58.3603290305,,
278.5,58.3255450675,,
279,58.2907878202,,
279.5,58.2907878202,,
280,58.2907878202,,
280.5,58.2907878202,,
281,58.3255450675,,
281.5,58.3255450675,,
282,58.3255450675,,
282.5,58.3603290305,,
283,58.3255450675,,
283.5,58.3603290305,,
284,58.3603290305,,
284.5,58.3603290305,,
285,58.3255450675,,
285.5,58.3255450675,,
286,58.3255450675,,
286.5,58.3255450675,,
287,58.2907878202,,
287.5,58.2907878202,,
288,58.2560572303,,
288.5,58.2560572303,,
289,58.2210688905,,
289.5,58.1863916588,,
290,58.1517409103,,
290.5,58.1517409103,,
291,58.1171165874,,
291.5,58.0825186327,,
292,58.047946989,,
292.5,58.047946989,,
293,58.0134015992,,
293.5,58.047946989,,
294,58.047946989,,
294.5,58.047946989,,
295,58.0134015992,,
295.5,58.0134015992,,
296,57.9788824063,,
296.5,57.9788824063,,
297,57.9788824063,,
297.5,57.9443893535,,
298,57.9099223842,,
298.5,57.8751992465,,
299,57.8407844876,,
299.5,57.8063956428,,
300,57.8063956428,,
300.5,57.8063956428,,
301,57.8063956428,,
301.5,57.8407844876,,
302,57.8407844876,,
302.5,57.8751992465,,
303,57.9099223842,,
303.5,57.9099223842,,
304,57.9099223842,,
304.5,57.9099223842,,
305,57.8751992465,,
305.5,57.8407844876,,
306,57.8063956428,,
306.5,57.7720326562,,
307,57.7376954717,,
307.5,57.6690982871,,
308,57.634838176,,
308.5,57.634838176,,
309,57.56639464,,
309.5,57.56639464,,
310,57.56639464,,
310.5,57.56639464,,
311,57.6006036453,,
311.5,57.56639464,,
312,57.5319310173,,
312.5,57.5319310173,,
313,57.5319310173,,
313.5,57.56639464,,
314,57.56639464,,
314.5,57.6006036453,,
315,57.6006036453,,
315.5,57.6006036453,,
316,57.6006036453,,
316.5,57.56639464,,
317,57.56639464,,
317.5,57.5319310173,,
318,57.4977731061,,
318.5,57.4636405556,,
319,57.4295333112,,
319.5,57.4295333112,,
320,57.3954513186,,
320.5,57.3954513186,,
321,57.4295333112,,
321.5,57.3954513186,,
322,57.3954513186,,
322.5,57.3954513186,,
323,57.3613945237,,
323.5,57.3273628723,,
324,57.3273628723,,
324.5,57.2933563107,,
325,57.2593747851,,
325.5,57.2593747851,,
326,57.225418242,,
326.5,57.225418242,,
327,57.1912086027,,
327.5,57.1573020679,,
328,57.1573020679,,
328.5,57.1234203552,,
329,57.1234203552,,
329.5,57.1234203552,,
330,57.0895634117,,
330.5,57.0895634117,,
331,57.0557311844,,
331.5,57.0557311844,,
332,57.0219236207,,
332.5,57.0219236207,,
333,56.988140668,,
333.5,56.988140668,,
334,56.988140668,,
334.5,56.988140668,,
335,56.988140668,,
335.5,56.988140668,,
336,56.988140668,,
336.5,56.988140668,,
337,56.988140668,,
337.5,56.988140668,,
338,56.988140668,,
338.5,56.988140668,,
339,56.9543822738,,
339.5,56.9206483859,,
340,56.9206483859,,
340.5,56.9206483859,,
341,56.9206483859,,
341.5,56.9206483859,,
342,56.9206483859,,
342.5,56.9206483859,,
343,56.9206483859,,
343.5,56.9206483859,,
344,56.8869389522,,
344.5,56.8869389522,,
345,56.8529779144,,
345.5,56.8193174325,,
346,56.7856812487,,
346.5,56.7520693114,,
347,56.7184815692,,
347.5,56.6849179708,,
348,56.651378465,,
348.5,56.5843715273,,
349,56.5509039938,,
349.5,56.5171863199,,
350,56.5171863199,,
350.5,56.4837667097,,
351,56.4837667097,,
351.5,56.4837667097,,
352,56.4837667097,,
352.5,56.4837667097,,
353,56.5171863199,,
353.5,56.5509039938,,
354,56.5171863199,,
354.5,56.5843715273,,
355,56.5843715273,,
355.5,56.5843715273,,
356,56.6178630008,,
356.5,56.5843715273,,
357,56.5843715273,,
357.5,56.5843715273,,
358,56.5509039938,,
358.5,56.5171863199,,
359,56.4837667097,,
359.5,56.4503708875,,
360,56.4169988032,,
360.5,56.3836504067,,
361,56.3836504067,,
361.5,56.350325648,,
362,56.350325648,,
362.5,56.350325648,,
363,56.350325648,,
363.5,56.350325648,,
364,56.3170244773,,
364.5,56.3170244773,,
365,56.3170244773,,
365.5,56.2837468448,,
366,56.2837468448,,
366.5,56.2504927012,,
367,56.2504927012,,
367.5,56.2172619968,,
368,56.2172619968,,
368.5,56.1837825879,,
369,56.1837825879,,
369.5,56.1837825879,,
370,56.1505988056,,
370.5,56.1505988056,,
371,56.1505988056,,
371.5,56.1505988056,,
372,56.1505988056,,
372.5,56.1174383147,,
373,56.1174383147,,
373.5,56.1174383147,,
374,56.0843010664,,
374.5,56.0843010664,,
375,56.0511870118,,
375.5,56.0180961023,,
376,55.9850282894,,
376.5,55.9850282894,,
377,55.9519835247,,
377.5,55.9850282894,,
378,55.9519835247,,
378.5,55.9519835247,,
379,55.9519835247,,
379.5,55.9519835247,,
380,55.9519835247,,
380.5,55.9519835247,,
381,55.9519835247,,
381.5,55.9519835247,,
382,55.9519835247,,
382.5,55.9189617599,,
383,55.9189617599,,
383.5,55.885962947,,
384,55.885962947,,
384.5,55.852716838,,
385,55.8197639719,,
385.5,55.8197639719,,
386,55.7868339135,,
386.5,55.7539266153,,
387,55.7539266153,,
387.5,55.7539266153,,
388,55.7210420296,,
388.5,55.7539266153,,
389,55.7210420296,,
389.5,55.7210420296,,
390,55.7539266153,,
390.5,55.7539266153,,
391,55.7210420296,,
391.5,55.7539266153,,
392,55.7539266153,,
392.5,55.7539266153,,
393,55.7539266153,,
393.5,55.7210420296,,
394,55.7210420296,,
394.5,55.7210420296,,
395,55.7210420296,,
395.5,55.7210420296,,
396,55.6881801092,,
396.5,55.6553408067,,
397,55.622524075,,
397.5,55.622524075,,
398,55.5897298671,,
398.5,55.5897298671,,
399,55.5569581361,,
399.5,55.5569581361,,
400,55.5569581361,,
400.5,55.5239404908,,
401,55.4912137566,,
401.5,55.458509359,,
402,55.3931673878,,
402.5,55.3931673878,,
403,55.3605297218,,
403.5,55.3605297218,,
404,55.3605297218,,
404.5,55.3279142073,,
405,55.3279142073,,
405.5,55.3605297218,,
406,55.3605297218,,
406.5,55.3605297218,,
407,55.3605297218,,
407.5,55.3605297218,,
408,55.3605297218,,
408.5,55.3605297218,,
409,55.3279142073,,
409.5,55.3279142073,,
410,55.3279142073,,
410.5,55.3279142073,,
411,55.3279142073,,
411.5,55.3279142073,,
412,55.3279142073,,
412.5,55.3279142073,,
413,55.2953207986,,
413.5,55.2627494496,,
414,55.2627494496,,
414.5,55.2302001148,,
415,55.2302001148,,
415.5,55.1649009578,,
416,55.1649009578,,
416.5,55.1324175715,,
417,55.1324175715,,
417.5,55.1324175715,,
418,55.0999560173,,
418.5,55.0999560173,,
419,55.0999560173,,
419.5,55.0675162501,,
420,55.0675162501,,
420.5,55.0675162501,,
421,55.0675162501,,
421.5,55.0675162501,,
422,55.0675162501,,
422.5,55.0675162501,,
423,55.0350982249,,
423.5,55.0675162501,,
424,55.0027018968,,
424.5,54.9703272211,,
425,54.937974153,,
425.5,54.8730679145,,
426,54.8730679145,,
426.5,54.8730679145,,
427,54.8407795784,,
427.5,54.8407795784,,
428,54.8407795784,,
428.5,54.8730679145,,
429,54.8730679145,,
429.5,54.905642648,,
430,54.905642648,,
430.5,54.905642648,,
431,54.905642648,,
431.5,54.905642648,,
432,54.905642648,,
432.5,54.8730679145,,
433,54.8407795784,,
433.5,54.8085126721,,
434,54.7762671514,,
434.5,54.7440429724,,
435,54.7440429724,,
435.5,54.7118400913,,
436,54.7118400913,,
436.5,54.6796584641,,
437,54.7118400913,,
437.5,54.7118400913,,
438,54.6796584641,,
438.5,54.6796584641,,
439,54.6796584641,,
439.5,54.6153587975,,
440,54.6153587975,,
440.5,54.6153587975,,
441,54.6153587975,,
441.5,54.6153587975,,
442,54.6153587975,,
442.5,54.6153587975,,
443,54.6153587975,,
443.5,54.6153587975,,
444,54.6153587975,,
444.5,54.6153587975,,
445,54.5832406711,,
445.5,54.5832406711,,
446,54.5832406711,,
446.5,54.5508806211,,
447,54.5188047838,,
447.5,54.5188047838,,
448,54.5188047838,,
448.5,54.48674994,,
449,54.48674994,,
449.5,54.48674994,,
450,54.48674994,,
450.5,54.4547160465,,
451,54.4227030605,,
451.5,54.4227030605,,
452,54.4227030605,,
452.5,54.4227030605,,
453,54.3907109392,,
453.5,54.3907109392,,
454,54.3587396399,,
454.5,54.3587396399,,
455,54.3267891201,,
455.5,54.2948593373,,
456,54.2629502491,,
456.5,54.2629502491,,
457,54.2308005178,,
457.5,54.2308005178,,
458,54.2308005178,,
458.5,54.2308005178,,
459,54.2308005178,,
459.5,54.2308005178,,
460,54.2308005178,,
460.5,54.2629502491,,
461,54.2308005178,,
461.5,54.1989328609,,
462,54.1989328609,,
462.5,54.1989328609,,
463,54.1989328609,,
463.5,54.1670857719,,
464,54.1670857719,,
464.5,54.1352592087,,
465,54.1352592087,,
465.5,54.1352592087,,
466,54.1352592087,,
466.5,54.1034531295,,
467,54.1034531295,,
467.5,54.1034531295,,
468,54.1034531295,,
468.5,54.0716674926,,
469,54.0399022564,,
469.5,54.0399022564,,
470,54.0081573793,,
470.5,53.9764328199,,
471,53.9764328199,,
471.5,53.9764328199,,
472,53.9447285369,,
472.5,53.9447285369,,
473,53.9127848672,,
473.5,53.9127848672,,
474,53.8811211787,,
474.5,53.8811211787,,
475,53.8811211787,,
475.5,53.8811211787,,
476,53.8811211787,,
476.5,53.8811211787,,
477,53.8494776428,,
477.5,53.8494776428,,
478,53.8178542187,,
478.5,53.7862508655,,
479,53.7862508655,,
479.5,53.7546675425,,
480,53.7862508655,,
480.5,53.7546675425,,
481,53.7546675425,,
481.5,53.7546675425,,
482,53.7862508655,,
482.5,53.7862508655,,
483,53.7546675425,,
483.5,53.7546675425,,
484,53.7862508655,,
484.5,53.7546675425,,
485,53.7546675425,,
485.5,53.7546675425,,
486,53.7546675425,,
486.5,53.7862508655,,
487,53.7546675425,,
487.5,53.7546675425,,
488,53.7231042091,,
488.5,53.7231042091,,
489,53.6915608247,,
489.5,53.660037349,,
490,53.6285337415,,
490.5,53.5967919802,,
491,53.5967919802,,
491.5,53.5653281507,,
492,53.5653281507,,
492.5,53.5338840689,,
493,53.5338840689,,
493.5,53.5338840689,,
494,53.5338840689,,
494.5,53.5024596947,,
495,53.5024596947,,
495.5,53.5024596947,,
496,53.4710549883,,
496.5,53.4710549883,,
497,53.4710549883,,
497.5,53.4396699099,,
498,53.4710549883,,
498.5,53.4396699099,,
499,53.4396699099,,
499.5,53.4396699099,,
500,53.4396699099,,
500.5,53.4396699099,,
501,53.40830442,,
501.5,53.40830442,,
502,53.40830442,,
502.5,53.3769584789,,
503,53.3769584789,,
503.5,53.3456320473,,
504,53.3456320473,,
504.5,53.3143250857,,
505,53.3143250857,,
505.5,53.3143250857,,
506,53.2827811798,,
506.5,53.2827811798,,
507,53.2827811798,,
507.5,53.2827811798,,
508,53.2827811798,,
508.5,53.2827811798,,
509,53.2827811798,,
509.5,53.2515131994,,
510,53.2515131994,,
510.5,53.2515131994,,
511,53.2202645712,,
511.5,53.2202645712,,
512,53.1890352562,,
512.5,53.1890352562,,
513,53.1578252156,,
513.5,53.1578252156,,
514,53.1578252156,,
514.5,53.1266344105,,
515,53.1266344105,,
515.5,53.0954628023,,
516,53.0954628023,,
516.5,53.0954628023,,
517,53.0643103523,,
517.5,53.0643103523,,
518,53.0643103523,,
518.5,53.033177022,,
519,53.033177022,,
519.5,53.002062773,,
520,53.002062773,,
520.5,53.002062773,,
521,53.002062773,,
521.5,52.9707127668,,
522,52.9707127668,,
522.5,52.9707127668,,
523,52.9707127668,,
523.5,53.002062773,,
524,53.002062773,,
524.5,53.002062773,,
525,52.9707127668,,
525.5,52.9707127668,,
526,52.9707127668,,
526.5,52.9396367211,,
527,52.9085796417,,
527.5,52.9085796417,,
528,52.8775414904,,
528.5,52.8465222294,,
529,52.8465222294,,
529.5,52.8155218207,,
530,52.8155218207,,
530.5,52.7845402265,,
531,52.7845402265,,
531.5,52.7535774092,,
532,52.7535774092,,
532.5,52.7226333311,,
533,52.7226333311,,
533.5,52.7226333311,,
534,52.7226333311,,
534.5,52.6917079547,,
535,52.7226333311,,
535.5,52.7226333311,,
536,52.6917079547,,
536.5,52.6917079547,,
537,52.6917079547,,
537.5,52.6917079547,,
538,52.6917079547,,
538.5,52.6917079547,,
539,52.660547986,,
539.5,52.6296600533,,
540,52.6296600533,,
540.5,52.59879071,,
541,52.59879071,,
541.5,52.5679399189,,
542,52.5679399189,,
542.5,52.5679399189,,
543,52.5371076429,,
543.5,52.5371076429,,
544,52.5679399189,,
544.5,52.5371076429,,
545,52.5371076429,,
545.5,52.5371076429,,
546,52.5679399189,,
546.5,52.5679399189,,
547,52.5371076429,,
547.5,52.5371076429,,
548,52.5371076429,,
548.5,52.506293845,,
549,52.4754984884,,
549.5,52.4754984884,,
550,52.444721536,,
550.5,52.444721536,,
551,52.4139629514,,
551.5,52.4139629514,,
552,52.4139629514,,
552.5,52.4139629514,,
553,52.4139629514,,
553.5,52.4139629514,,
554,52.444721536,,
554.5,52.444721536,,
555,52.444721536,,
555.5,52.444721536,,
556,52.4139629514,,
556.5,52.4139629514,,
557,52.3522489946,,
557.5,52.3522489946,,
558,52.2908601122,,
558.5,52.2908601122,,
559,52.2601929665,,
559.5,52.2295439696,,
560,52.1989130852,,
560.5,52.1989130852,,
561,52.1989130852,,
561.5,52.1683002773,,
562,52.1683002773,,
562.5,52.1683002773,,
563,52.13770551,,
563.5,52.13770551,,
564,52.13770551,,
564.5,52.13770551,,
565,52.13770551,,
565.5,52.13770551,,
566,52.13770551,,
566.5,52.13770551,,
567,52.1071287473,,
567.5,52.1071287473,,
568,52.1071287473,,
568.5,52.1071287473,,
569,52.0765699534,,
569.5,52.0765699534,,
570,52.0457788317,,
570.5,52.0457788317,,
571,52.0457788317,,
571.5,52.0457788317,,
572,52.0765699534,,
572.5,52.0457788317,,
573,52.0457788317,,
573.5,52.0457788317,,
574,52.0457788317,,
574.5,52.0152560149,,
575,51.9847510598,,
575.5,51.9847510598,,
576,51.9542639307,,
576.5,51.9237945925,,
577,51.8933430096,,
577.5,51.8933430096,,
578,51.8933430096,,
578.5,51.8933430096,,
579,51.8933430096,,
579.5,51.8933430096,,
580,51.8933430096,,
580.5,51.8629091469,,
581,51.8629091469,,
581.5,51.8629091469,,
582,51.8629091469,,
582.5,51.8933430096,,
583,51.8933430096,,
583.5,51.8933430096,,
584,51.8933430096,,
584.5,51.8933430096,,
585,51.8933430096,,
585.5,51.8933430096,,
586,51.8933430096,,
586.5,51.8933430096,,
587,51.8629091469,,
587.5,51.8933430096,,
588,51.8629091469,,
588.5,51.8629091469,,
589,51.8324929692,,
589.5,51.8324929692,,
590,51.8324929692,,
590.5,51.8020944415,,
591,51.7717135287,,
591.5,51.7717135287,,
592,51.7411013888,,
592.5,51.7107557449,,
593,51.6804276112,,
593.5,51.6501169531,,
594,51.6501169531,,
594.5,51.6198237358,,
595,51.6198237358,,
595.5,51.6198237358,,
596,51.5895479249,,
596.5,51.5895479249,,
597,51.6198237358,,
597.5,51.6198237358,,
598,51.5895479249,,
598.5,51.6198237358,,
599,51.6198237358,,
599.5,51.5895479249,,
600,51.6198237358,,
600.5,51.5895479249,,
601,51.6198237358,,
601.5,51.5895479249,,
602,51.5895479249,,
602.5,51.5592894859,,
603,51.5592894859,,
603.5,51.5592894859,,
604,51.5290483846,,
604.5,51.5290483846,,
605,51.4988245865,,
605.5,51.4686180575,,
606,51.4686180575,,
606.5,51.4381813814,,
607,51.4080094291,,
607.5,51.4080094291,,
608,51.3778546436,,
608.5,51.3778546436,,
609,51.3778546436,,
609.5,51.3778546436,,
610,51.4080094291,,
610.5,51.3778546436,,
611,51.3778546436,,
611.5,51.3778546436,,
612,51.3778546436,,
612.5,51.3477169907,,
613,51.3175964369,,
613.5,51.3175964369,,
614,51.3175964369,,
614.5,51.3175964369,,
615,51.3175964369,,
615.5,51.3175964369,,
616,51.3175964369,,
616.5,51.3175964369,,
617,51.3175964369,,
617.5,51.3175964369,,
618,51.2874929482,,
618.5,51.2574064911,,
619,51.2574064911,,
619.5,51.2574064911,,
620,51.2273370319,,
620.5,51.2273370319,,
621,51.1972845371,,
621.5,51.2273370319,,
622,51.1972845371,,
622.5,51.1972845371,,
623,51.1672489733,,
623.5,51.1672489733,,
624,51.1369843222,,
624.5,51.1369843222,,
625,51.1369843222,,
625.5,51.1369843222,,
626,51.1069826585,,
626.5,51.1069826585,,
627,51.1069826585,,
627.5,51.0769978255,,
628,51.0769978255,,
628.5,51.0769978255,,
629,51.0769978255,,
629.5,51.0470297903,,
630,51.0470297903,,
630.5,51.0170785196,,
631,50.9871439806,,
631.5,50.9871439806,,
632,50.9871439806,,
632.5,50.9572261403,,
633,50.9572261403,,
633.5,50.9572261403,,
634,50.9572261403,,
634.5,50.9572261403,,
635,50.9572261403,,
635.5,50.9572261403,,
636,50.9572261403,,
636.5,50.9572261403,,
637,50.9273249658,,
637.5,50.8974404244,,
638,50.8974404244,,
638.5,50.8974404244,,
639,50.8675724833,,
639.5,50.8675724833,,
640,50.8675724833,,
640.5,50.8675724833,,
641,50.8675724833,,
641.5,50.837476495,,
642,50.8076417922,,
642.5,50.7778235918,,
643,50.7480218615,,
643.5,50.7778235918,,
644,50.7480218615,,
644.5,50.7480218615,,
645,50.7480218615,,
645.5,50.7480218615,,
646,50.7778235918,,
646.5,50.7778235918,,
647,50.7778235918,,
647.5,50.7778235918,,
648,50.7778235918,,
648.5,50.7778235918,,
649,50.7778235918,,
649.5,50.7480218615,,
650,50.7480218615,,
650.5,50.7480218615,,
651,50.7182365688,,
651.5,50.7182365688,,
652,50.7182365688,,
652.5,50.7182365688,,
653,50.7182365688,,
653.5,50.7182365688,,
654,50.7182365688,,
654.5,50.7182365688,,
655,50.6884676815,,
655.5,50.6587151673,,
656,50.6289789942,,
656.5,50.6289789942,,
657,50.5992591301,,
657.5,50.569555543,,
658,50.569555543,,
658.5,50.5396249291,,
659,50.5099539331,,
659.5,50.5099539331,,
660,50.4802991182,,
660.5,50.4506604528,,
661,50.4506604528,,
661.5,50.4506604528,,
662,50.4506604528,,
662.5,50.4506604528,,
663,50.4210379052,,
663.5,50.4210379052,,
664,50.4210379052,,
664.5,50.4210379052,,
665,50.3914314439,,
665.5,50.4210379052,,
666,50.4210379052,,
666.5,50.4210379052,,
667,50.3914314439,,
667.5,50.4210379052,,
668,50.3914314439,,
668.5,50.3914314439,,
669,50.3618410373,,
669.5,50.3618410373,,
670,50.3618410373,,
670.5,50.3618410373,,
671,50.3618410373,,
671.5,50.3322666541,,
672,50.3618410373,,
672.5,50.3618410373,,
673,50.3322666541,,
673.5,50.3322666541,,
674,50.3322666541,,
674.5,50.3322666541,,
675,50.3322666541,,
675.5,50.3322666541,,
676,50.3027082628,,
676.5,50.2731658322,,
677,50.2731658322,,
677.5,50.2433973761,,
678,50.2433973761,,
678.5,50.2433973761,,
679,50.2138869034,,
679.5,50.2138869034,,
680,50.1843922975,,
680.5,50.1843922975,,
681,50.1549135274,,
681.5,50.1549135274,,
682,50.1254505623,,
682.5,50.0960033712,,
683,50.0960033712,,
683.5,50.0665719233,,
684,50.0665719233,,
684.5,50.0371561879,,
685,50.0665719233,,
685.5,50.0665719233,,
686,50.0960033712,,
686.5,50.0665719233,,
687,50.0665719233,,
687.5,50.0960033712,,
688,50.0665719233,,
688.5,50.0665719233,,
689,50.0665719233,,
689.5,50.0665719233,,
690,50.0665719233,,
690.5,50.0371561879,,
691,50.0371561879,,
691.5,50.0371561879,,
692,50.0077561341,,
692.5,50.0077561341,,
693,49.9783717315,,
693.5,49.9783717315,,
694,49.9783717315,,
694.5,49.9487622861,,
695,49.9487622861,,
695.5,49.9194092217,,
696,49.8900717166,,
696.5,49.8900717166,,
697,49.8900717166,,
697.5,49.8607497405,,
698,49.8900717166,,
698.5,49.8900717166,,
699,49.8607497405,,
699.5,49.8607497405,,
700,49.8900717166,,
700.5,49.8607497405,,
701,49.8607497405,,
701.5,49.8607497405,,
702,49.8607497405,,
702.5,49.8314432631,,
703,49.8314432631,,
703.5,49.8021522542,,
704,49.8021522542,,
704.5,49.8314432631,,
705,49.8021522542,,
705.5,49.8021522542,,
706,49.7728766835,,
706.5,49.7728766835,,
707,49.7728766835,,
707.5,49.7728766835,,
708,49.7436165209,,
708.5,49.7143717365,,
709,49.7143717365,,
709.5,49.7143717365,,
710,49.7143717365,,
710.5,49.6851423002,,
711,49.6851423002,,
711.5,49.6851423002,,
712,49.6556887853,,
712.5,49.6556887853,,
713,49.6556887853,,
713.5,49.6851423002,,
714,49.6556887853,,
714.5,49.6556887853,,
715,49.6556887853,,
715.5,49.6556887853,,
716,49.6556887853,,
716.5,49.6556887853,,
717,49.6264900808,,
717.5,49.6264900808,,
718,49.6264900808,,
718.5,49.5973066346,,
719,49.5973066346,,
719.5,49.5973066346,,
720,49.5973066346,,
720.5,49.5389853982,,
721,49.5389853982,,
721.5,49.5389853982,,
722,49.5098475488,,
722.5,49.4807248392,,
723,49.4516172399,,
723.5,49.4807248392,,
724,49.4516172399,,
724.5,49.4516172399,,
725,49.4225247215,,
725.5,49.4225247215,,
726,49.4225247215,,
726.5,49.4225247215,,
727,49.4225247215,,
727.5,49.4225247215,,
728,49.3934472546,,
728.5,49.3934472546,,
729,49.3641466551,,
729.5,49.3641466551,,
730,49.3641466551,,
730.5,49.3641466551,,
731,49.3641466551,,
731.5,49.3641466551,,
732,49.3641466551,,
732.5,49.3641466551,,
733,49.3350993262,,
733.5,49.3350993262,,
734,49.3350993262,,
734.5,49.3350993262,,
735,49.3060669609,,
735.5,49.3060669609,,
736,49.3060669609,,
736.5,49.2770495301,,
737,49.2480470047,,
737.5,49.2480470047,,
738,49.2480470047,,
738.5,49.2480470047,,
739,49.2190593558,,
739.5,49.2190593558,,
740,49.2190593558,,
740.5,49.2190593558,,
741,49.2190593558,,
741.5,49.1900865544,,
742,49.1900865544,,
742.5,49.2190593558,,
743,49.1900865544,,
743.5,49.1900865544,,
744,49.1611285717,,
744.5,49.1611285717,,
745,49.1321853788,,
745.5,49.1321853788,,
746,49.1321853788,,
746.5,49.103256947,,
747,49.103256947,,
747.5,49.103256947,,
748,49.103256947,,
748.5,49.103256947,,
749,49.0741063108,,
749.5,49.0741063108,,
750,49.0741063108,,
750.5,49.0741063108,,
751,49.0452074357,,
751.5,49.0741063108,,
752,49.0452074357,,
752.5,49.0452074357,,
753,49.0163232354,,
753.5,49.0163232354,,
754,49.0163232354,,
754.5,49.0163232354,,
755,48.9874536817,,
755.5,48.9874536817,,
756,48.958598746,,
756.5,48.958598746,,
757,48.958598746,,
757.5,48.9297583999,,
758,48.9297583999,,
758.5,48.9297583999,,
759,48.9297583999,,
759.5,48.9297583999,,
760,48.9009326151,,
760.5,48.9297583999,,
761,48.9009326151,,
761.5,48.9009326151,,
762,48.9009326151,,
762.5,48.9009326151,,
763,48.8721213634,,
763.5,48.8433246164,,
764,48.8433246164,,
764.5,48.8433246164,,
765,48.8433246164,,
765.5,48.8433246164,,
766,48.8433246164,,
766.5,48.8433246164,,
767,48.8433246164,,
767.5,48.8145423461,,
768,48.8145423461,,
768.5,48.8145423461,,
769,48.7855387822,,
769.5,48.7855387822,,
770,48.756785499,,
770.5,48.7280466081,,
771,48.7280466081,,
771.5,48.7280466081,,
772,48.6993220816,,
772.5,48.6993220816,,
773,48.6706118916,,
773.5,48.6993220816,,
774,48.6993220816,,
774.5,48.6706118916,,
775,48.6706118916,,
775.5,48.6706118916,,
776,48.6706118916,,
776.5,48.6706118916,,
777,48.6706118916,,
777.5,48.6706118916,,
778,48.6419160103,,
778.5,48.6419160103,,
779,48.6419160103,,
779.5,48.6419160103,,
780,48.6419160103,,
780.5,48.6419160103,,
781,48.6132344099,,
781.5,48.6132344099,,
782,48.6132344099,,
782.5,48.6132344099,,
783,48.5845670627,,
783.5,48.5845670627,,
784,48.5559139411,,
784.5,48.5559139411,,
785,48.5272750175,,
785.5,48.4984156937,,
786,48.4984156937,,
786.5,48.4984156937,,
787,48.4412088204,,
787.5,48.4412088204,,
788,48.4412088204,,
788.5,48.4412088204,,
789,48.4412088204,,
789.5,48.4126265293,,
790,48.4126265293,,
790.5,48.4126265293,,
791,48.4126265293,,
791.5,48.4126265293,,
792,48.4126265293,,
792.5,48.4126265293,,
793,48.384058299,,
793.5,48.384058299,,
794,48.384058299,,
794.5,48.384058299,,
795,48.355504102,,
795.5,48.355504102,,
796,48.3269639113,,
796.5,48.355504102,,
797,48.3269639113,,
797.5,48.3269639113,,
798,48.3269639113,,
798.5,48.3269639113,,
799,48.3269639113,,
799.5,48.3269639113,,
800,48.3269639113,,
800.5,48.3269639113,,
801,48.3269639113,,
801.5,48.3269639113,,
802,48.3269639113,,
802.5,48.2984376996,,
803,48.3269639113,,
803.5,48.2984376996,,
804,48.2984376996,,
804.5,48.2984376996,,
805,48.2699254399,,
805.5,48.2699254399,,
806,48.2127092467,,
806.5,48.2127092467,,
807,48.2127092467,,
807.5,48.1557821864,,
808,48.1557821864,,
808.5,48.1557821864,,
809,48.1273393953,,
809.5,48.1273393953,,
810,48.1273393953,,
810.5,48.1273393953,,
811,48.1273393953,,
811.5,48.1273393953,,
812,48.1273393953,,
812.5,48.1273393953,,
813,48.0989103946,,
813.5,48.0989103946,,
814,48.1273393953,,
814.5,48.1273393953,,
815,48.0989103946,,
815.5,48.0989103946,,
816,48.0989103946,,
816.5,48.0989103946,,
817,48.1273393953,,
817.5,48.0989103946,,
818,48.0989103946,,
818.5,48.0989103946,,
819,48.0989103946,,
819.5,48.0704951575,,
820,48.0989103946,,
820.5,48.0704951575,,
821,48.0420936574,,
821.5,48.0137058677,,
822,48.0137058677,,
822.5,48.0137058677,,
823,47.9853317619,,
823.5,47.9569713134,,
824,47.9569713134,,
824.5,47.9569713134,,
825,47.9283922011,,
825.5,47.9000590993,,
826,47.9283922011,,
826.5,47.9000590993,,
827,47.9000590993,,
827.5,47.9000590993,,
828,47.9000590993,,
828.5,47.9000590993,,
829,47.9283922011,,
829.5,47.9000590993,,
830,47.9283922011,,
830.5,47.9000590993,,
831,47.9000590993,,
831.5,47.8717395756,,
832,47.9000590993,,
832.5,47.8717395756,,
833,47.8717395756,,
833.5,47.8717395756,,
834,47.8434336034,,
834.5,47.8717395756,,
835,47.8434336034,,
835.5,47.8151411567,,
836,47.8151411567,,
836.5,47.7868622093,,
837,47.7868622093,,
837.5,47.7868622093,,
838,47.7585967349,,
838.5,47.7585967349,,
839,47.7585967349,,
839.5,47.7585967349,,
840,47.7585967349,,
840.5,47.7303447075,,
841,47.7585967349,,
841.5,47.7303447075,,
842,47.7303447075,,
842.5,47.7021061011,,
843,47.7021061011,,
843.5,47.7021061011,,
844,47.7021061011,,
844.5,47.7021061011,,
845,47.6738808897,,
845.5,47.6738808897,,
846,47.645437858,,
846.5,47.645437858,,
847,47.645437858,,
847.5,47.645437858,,
848,47.6172394681,,
848.5,47.5890543954,,
849,47.5608826141,,
849.5,47.5890543954,,
850,47.5608826141,,
850.5,47.5890543954,,
851,47.5608826141,,
851.5,47.5327240985,,
852,47.5327240985,,
852.5,47.5608826141,,
853,47.5608826141,,
853.5,47.5608826141,,
854,47.5608826141,,
854.5,47.5327240985,,
855,47.5327240985,,
855.5,47.5327240985,,
856,47.5327240985,,
856.5,47.5045788228,,
857,47.5045788228,,
857.5,47.5045788228,,
858,47.5045788228,,
858.5,47.4764467615,,
859,47.4764467615,,
859.5,47.448327889,,
860,47.448327889,,
860.5,47.448327889,,
861,47.448327889,,
861.5,47.4202221797,,
862,47.4202221797,,
862.5,47.4202221797,,
863,47.4202221797,,
863.5,47.4202221797,,
864,47.3921296082,,
864.5,47.3638200437,,
865,47.3638200437,,
865.5,47.3638200437,,
866,47.3638200437,,
866.5,47.3357537787,,
867,47.3357537787,,
867.5,47.3357537787,,
868,47.3357537787,,
868.5,47.3357537787,,
869,47.3357537787,,
869.5,47.3077005751,,
870,47.3077005751,,
870.5,47.3077005751,,
871,47.3077005751,,
871.5,47.3077005751,,
872,47.3077005751,,
872.5,47.3077005751,,
873,47.2796604077,,
873.5,47.2796604077,,
874,47.2516332512,,
874.5,47.2516332512,,
875,47.2236190805,,
875.5,47.1956178704,,
876,47.1956178704,,
876.5,47.1676295958,,
877,47.1676295958,,
877.5,47.1676295958,,
878,47.1396542318,,
878.5,47.1396542318,,
879,47.1396542318,,
879.5,47.1396542318,,
880,47.1396542318,,
880.5,47.1676295958,,
881,47.1676295958,,
881.5,47.1676295958,,
882,47.1396542318,,
882.5,47.1396542318,,
883,47.1396542318,,
883.5,47.1396542318,,
884,47.1116917532,,
884.5,47.1116917532,,
885,47.1116917532,,
885.5,47.1116917532,,
886,47.1116917532,,
886.5,47.0835130931,,
887,47.0835130931,,
887.5,47.0835130931,,
888,47.0555764159,,
888.5,47.0555764159,,
889,47.0555764159,,
889.5,47.0276525493,,
890,47.0276525493,,
890.5,47.0276525493,,
891,47.0276525493,,
891.5,46.9997414686,,
892,47.0276525493,,
892.5,46.9997414686,,
893,46.9997414686,,
893.5,46.9997414686,,
894,46.9997414686,,
894.5,46.9997414686,,
895,46.9997414686,,
895.5,46.9718431489,,
896,46.9718431489,,
896.5,46.9718431489,,
897,46.9439575656,,
897.5,46.9439575656,,
898,46.9160846941,,
898.5,46.9160846941,,
899,46.9160846941,,
899.5,46.9160846941,,
900,46.8882245097,,
900.5,46.8603769878,,
901,46.8603769878,,
901.5,46.8603769878,,
902,46.832542104,,
902.5,46.832542104,,
903,46.8044918345,,
903.5,46.8044918345,,
904,46.8044918345,,
904.5,46.7766822565,,
905,46.7766822565,,
905.5,46.7488852431,,
906,46.7766822565,,
906.5,46.7488852431,,
907,46.7488852431,,
907.5,46.7488852431,,
908,46.7766822565,,
908.5,46.7766822565,,
909,46.7766822565,,
909.5,46.7766822565,,
910,46.7766822565,,
910.5,46.7488852431,,
911,46.7488852431,,
911.5,46.7488852431,,
912,46.7488852431,,
912.5,46.7488852431,,
913,46.7211007699,,
913.5,46.7211007699,,
914,46.7211007699,,
914.5,46.7211007699,,
915,46.7211007699,,
915.5,46.7211007699,,
916,46.7211007699,,
916.5,46.6933288128,,
917,46.6655693473,,
917.5,46.6655693473,,
918,46.6655693473,,
918.5,46.6378223494,,
919,46.6100877949,,
919.5,46.6378223494,,
920,46.5823656597,,
920.5,46.5823656597,,
921,46.5823656597,,
921.5,46.5546559198,,
922,46.5546559198,,
922.5,46.5546559198,,
923,46.5267315745,,
923.5,46.5267315745,,
924,46.5267315745,,
924.5,46.5267315745,,
925,46.4990466542,,
925.5,46.4990466542,,
926,46.471374057,,
926.5,46.471374057,,
927,46.471374057,,
927.5,46.443713759,,
928,46.471374057,,
928.5,46.443713759,,
929,46.443713759,,
929.5,46.443713759,,
930,46.4160657366,,
930.5,46.443713759,,
931,46.443713759,,
931.5,46.443713759,,
932,46.443713759,,
932.5,46.4160657366,,
933,46.4160657366,,
933.5,46.443713759,,
934,46.443713759,,
934.5,46.4160657366,,
935,46.4160657366,,
935.5,46.4160657366,,
936,46.4160657366,,
936.5,46.4160657366,,
937,46.4160657366,,
937.5,46.4160657366,,
938,46.3884299658,,
938.5,46.3608064229,,
939,46.3608064229,,
939.5,46.3608064229,,
940,46.3331950842,,
940.5,46.3331950842,,
941,46.3331950842,,
941.5,46.3331950842,,
942,46.3055959261,,
942.5,46.3055959261,,
943,46.3055959261,,
943.5,46.3055959261,,
944,46.278008925,,
944.5,46.3055959261,,
945,46.3055959261,,
945.5,46.278008925,,
946,46.278008925,,
946.5,46.278008925,,
947,46.278008925,,
947.5,46.278008925,,
948,46.278008925,,
948.5,46.278008925,,
949,46.2502080838,,
949.5,46.2502080838,,
950,46.2502080838,,
950.5,46.2226454251,,
951,46.1950948526,,
951.5,46.1950948526,,
952,46.1950948526,,
952.5,46.1675563428,,
953,46.1675563428,,
953.5,46.1675563428,,
954,46.1400298724,,
954.5,46.1125154181,,
955,46.1125154181,,
955.5,46.1125154181,,
956,46.0850129565,,
956.5,46.0850129565,,
957,46.0850129565,,
957.5,46.0850129565,,
958,46.0850129565,,
958.5,46.0850129565,,
959,46.0850129565,,
959.5,46.0850129565,,
960,46.0850129565,,
960.5,46.0850129565,,
961,46.0850129565,,
961.5,46.0850129565,,
962,46.0850129565,,
962.5,46.0850129565,,
963,46.0850129565,,
963.5,46.0850129565,,
964,46.0850129565,,
964.5,46.0575224643,,
965,46.0575224643,,
965.5,46.0575224643,,
966,46.0575224643,,
966.5,46.0300439183,,
967,46.0300439183,,
967.5,46.0300439183,,
968,46.0025772955,,
968.5,46.0025772955,,
969,45.9748975829,,
969.5,45.9748975829,,
970,45.947454834,,
970.5,45.947454834,,
971,45.9200239387,,
971.5,45.892604874,,
972,45.9200239387,,
972.5,45.865197617,,
973,45.865197617,,
973.5,45.865197617,,
974,45.8378021446,,
974.5,45.8378021446,,
975,45.865197617,,
975.5,45.8378021446,,
976,45.8378021446,,
976.5,45.8378021446,,
977,45.865197617,,
977.5,45.8378021446,,
978,45.8378021446,,
978.5,45.865197617,,
979,45.865197617,,
979.5,45.8378021446,,
980,45.8378021446,,
980.5,45.8378021446,,
981,45.810418434,,
981.5,45.810418434,,
982,45.810418434,,
982.5,45.810418434,,
983,45.810418434,,
983.5,45.810418434,,
984,45.7830464624,,
984.5,45.810418434,,
985,45.7830464624,,
985.5,45.7830464624,,
986,45.7556862069,,
986.5,45.7556862069,,
987,45.7556862069,,
987.5,45.7556862069,,
988,45.7556862069,,
988.5,45.7283376449,,
989,45.7283376449,,
989.5,45.7283376449,,
990,45.7007767289,,
990.5,45.7007767289,,
991,45.6734515809,,
991.5,45.6734515809,,
992,45.6461380582,,
992.5,45.6461380582,,
993,45.6188361381,,
993.5,45.6188361381,,
994,45.591545798,,
994.5,45.591545798,,
995,45.591545798,,
995.5,45.5642670154,,
996,45.5642670154,,
996.5,45.5642670154,,
997,45.5642670154,,
997.5,45.5642670154,,
998,45.5369997679,,
998.5,45.5642670154,,
999,45.5642670154,,
999.5,45.5642670154,,
1000,45.5642670154,,
1000.5,45.5642670154,,
1001,45.591545798,,
1001.5,45.5642670154,,
1002,45.5642670154,,
1002.5,45.5642670154,,
1003,45.5642670154,,
1003.5,45.5369997679,,
1004,45.5369997679,,
1004.5,45.5097440331,,
1005,45.5097440331,,
1005.5,45.4824997885,,
1006,45.4824997885,,
1006.5,45.4824997885,,
1007,45.4824997885,,
1007.5,45.4552670118,,
1008,45.4552670118,,
1008.5,45.4552670118,,
1009,45.4552670118,,
1009.5,45.4552670118,,
1010,45.4278226022,,
1010.5,45.4278226022,,
1011,45.4006127879,,
1011.5,45.4278226022,,
1012,45.4006127879,,
1012.5,45.3734143745,,
1013,45.4006127879,,
1013.5,45.4006127879,,
1014,45.3734143745,,
1014.5,45.3734143745,,
1015,45.3462273398,,
1015.5,45.3462273398,,
1016,45.3462273398,,
1016.5,45.3190516617,,
1017,45.3190516617,,
1017.5,45.3190516617,,
1018,45.3190516617,,
1018.5,45.3190516617,,
1019,45.2918873179,,
1019.5,45.2918873179,,
1020,45.2647342866,,
1020.5,45.2647342866,,
1021,45.2375925456,,
1021.5,45.2375925456,,
1022,45.2375925456,,
1022.5,45.2104620729,,
1023,45.2375925456,,
1023.5,45.2104620729,,
1024,45.2375925456,,
1024.5,45.2375925456,,
1025,45.2104620729,,
1025.5,45.2375925456,,
1026,45.2375925456,,
1026.5,45.2104620729,,
1027,45.2375925456,,
1027.5,45.2104620729,,
1028,45.2375925456,,
1028.5,45.2104620729,,
1029,45.2104620729,,
1029.5,45.1833428465,,
1030,45.2104620729,,
1030.5,45.1833428465,,
1031,45.1833428465,,
1031.5,45.1833428465,,
1032,45.1560126942,,
1032.5,45.1560126942,,
1033,45.1289159867,,
1033.5,45.1289159867,,
1034,45.1289159867,,
1034.5,45.1018304596,,
1035,45.0747560914,,
1035.5,45.0747560914,,
1036,45.0476928601,,
1036.5,45.0476928601,,
1037,45.0476928601,,
1037.5,45.0206407441,,
1038,45.0206407441,,
1038.5,45.0476928601,,
1039,45.0206407441,,
1039.5,45.0206407441,,
1040,45.0206407441,,
1040.5,45.0206407441,,
1041,45.0206407441,,
1041.5,44.9935997217,,
1042,44.9935997217,,
1042.5,44.9935997217,,
1043,44.9665697712,,
1043.5,44.9665697712,,
1044,44.9665697712,,
1044.5,44.9665697712,,
1045,44.9665697712,,
1045.5,44.9665697712,,
1046,44.939550871,,
1046.5,44.939550871,,
1047,44.939550871,,
1047.5,44.939550871,,
1048,44.939550871,,
1048.5,44.939550871,,
1049,44.9125429995,,
1049.5,44.8853248949,,
1050,44.8853248949,,
1050.5,44.8853248949,,
1051,44.8583391063,,
1051.5,44.8853248949,,
1052,44.8853248949,,
1052.5,44.8583391063,,
1053,44.8583391063,,
1053.5,44.8313642818,,
1054,44.8313642818,,
1054.5,44.8313642818,,
1055,44.8313642818,,
1055.5,44.8313642818,,
1056,44.8313642818,,
1056.5,44.8313642818,,
1057,44.8313642818,,
1057.5,44.8313642818,,
1058,44.8313642818,,
1058.5,44.8313642818,,
1059,44.8313642818,,
1059.5,44.8313642818,,
1060,44.8313642818,,
1060.5,44.8044003999,,
1061,44.8313642818,,
1061.5,44.8044003999,,
1062,44.8044003999,,
1062.5,44.8044003999,,
1063,44.8044003999,,
1063.5,44.7774474393,,
1064,44.7505053785,,
1064.5,44.7505053785,,
1065,44.7235741964,,
1065.5,44.7235741964,,
1066,44.7235741964,,
1066.5,44.6966538716,,
1067,44.6966538716,,
1067.5,44.6697443829,,
1068,44.6697443829,,
1068.5,44.6697443829,,
1069,44.642845709,,
1069.5,44.642845709,,
1070,44.642845709,,
1070.5,44.6157374809,,
1071,44.6157374809,,
1071.5,44.6157374809,,
1072,44.6157374809,,
1072.5,44.5888604616,,
1073,44.5888604616,,
1073.5,44.5888604616,,
1074,44.5888604616,,
1074.5,44.5888604616,,
1075,44.5888604616,,
1075.5,44.5888604616,,
1076,44.5888604616,,
1076.5,44.5888604616,,
1077,44.5888604616,,
1077.5,44.5888604616,,
1078,44.5888604616,,
1078.5,44.5888604616,,
1079,44.5888604616,,
1079.5,44.5888604616,,
1080,44.5619941936,,
1080.5,44.5619941936,,
1081,44.5619941936,,
1081.5,44.5619941936,,
1082,44.5619941936,,
1082.5,44.5619941936,,
1083,44.5619941936,,
1083.5,44.5619941936,,
1084,44.5619941936,,
1084.5,44.5619941936,,
1085,44.5619941936,,
1085.5,44.5619941936,,
1086,44.5619941936,,
1086.5,44.5619941936,,
1087,44.5351386558,,
1087.5,44.5351386558,,
1088,44.5619941936,,
1088.5,44.5619941936,,
1089,44.5351386558,,
1089.5,44.5351386558,,
1090,44.5351386558,,
1090.5,44.5082938272,,
1091,44.5082938272,,
1091.5,44.5082938272,,
1092,44.4814596869,,
1092.5,44.4546362139,,
1093,44.4546362139,,
1093.5,44.4546362139,,
1094,44.4278233873,,
1094.5,44.4278233873,,
1095,44.4010211863,,
1095.5,44.4010211863,,
1096,44.3742295899,,
1096.5,44.3742295899,,
1097,44.3742295899,,
1097.5,44.3472291045,,
1098,44.3472291045,,
1098.5,44.3472291045,,
1099,44.3472291045,,
1099.5,44.3472291045,,
1100,44.3204587415,,
1100.5,44.3204587415,,
1101,44.3204587415,,
1101.5,44.3204587415,,
1102,44.3204587415,,
1102.5,44.2936989208,,
1103,44.2936989208,,
1103.5,44.2936989208,,
1104,44.2936989208,,
1104.5,44.2669496215,,
1105,44.2669496215,,
1105.5,44.2669496215,,
1106,44.240210823,,
1106.5,44.2669496215,,
1107,44.240210823,,
1107.5,44.240210823,,
1108,44.240210823,,
1108.5,44.240210823,,
1109,44.240210823,,
1109.5,44.240210823,,
1110,44.240210823,,
1110.5,44.2134825048,,
1111,44.2134825048,,
1111.5,44.2134825048,,
1112,44.240210823,,
1112.5,44.2134825048,,
1113,44.2134825048,,
1113.5,44.2134825048,,
1114,44.1867646461,,
1114.5,44.1867646461,,
1115,44.1867646461,,
1115.5,44.1867646461,,
1116,44.1867646461,,
1116.5,44.1600572265,,
1117,44.1600572265,,
1117.5,44.1333602253,,
1118,44.1333602253,,
1118.5,44.1333602253,,
1119,44.1333602253,,
1119.5,44.1066736222,,
1120,44.1066736222,,
1120.5,44.1066736222,,
1121,44.0797787819,,
1121.5,44.0531129983,,
1122,44.0531129983,,
1122.5,44.0531129983,,
1123,44.0264575513,,
1123.5,43.9998124205,,
1124,43.9998124205,,
1124.5,44.0264575513,,
1125,43.9998124205,,
1125.5,43.9998124205,,
1126,43.9731775856,,
1126.5,43.9731775856,,
1127,43.9731775856,,
1127.5,43.9731775856,,
1128,43.9998124205,,
1128.5,43.9731775856,,
1129,43.9731775856,,
1129.5,43.9465530264,,
1130,43.9731775856,,
1130.5,43.9465530264,,
1131,43.9465530264,,
1131.5,43.9465530264,,
1132,43.9199387225,,
1132.5,43.9465530264,,
1133,43.9199387225,,
1133.5,43.9199387225,,
1134,43.9199387225,,
1134.5,43.9199387225,,
1135,43.9465530264,,
1135.5,43.9199387225,,
1136,43.9199387225,,
1136.5,43.9199387225,,
1137,43.9199387225,,
1137.5,43.8933346537,,
1138,43.8933346537,,
1138.5,43.8667407999,,
1139,43.8667407999,,
1139.5,43.8667407999,,
1140,43.8667407999,,
1140.5,43.840157141,,
1141,43.840157141,,
1141.5,43.840157141,,
1142,43.840157141,,
1142.5,43.840157141,,
1143,43.8133658832,,
1143.5,43.8133658832,,
1144,43.8133658832,,
1144.5,43.8133658832,,
1145,43.7868026367,,
1145.5,43.7868026367,,
1146,43.7868026367,,
1146.5,43.7868026367,,
1147,43.7602495245,,
1147.5,43.7602495245,,
1148,43.7602495245,,
1148.5,43.7602495245,,
1149,43.7602495245,,
1149.5,43.7337065268,,
1150,43.7602495245,,
1150.5,43.7337065268,,
1151,43.7337065268,,
1151.5,43.7337065268,,
1152,43.7337065268,,
1152.5,43.7337065268,,
1153,43.7071736234,,
1153.5,43.7071736234,,
1154,43.7071736234,,
1154.5,43.6806507944,,
1155,43.6806507944,,
1155.5,43.6806507944,,
1156,43.65413802,,
1156.5,43.65413802,,
1157,43.65413802,,
1157.5,43.65413802,,
1158,43.6276352802,,
1158.5,43.6276352802,,
1159,43.6276352802,,
1159.5,43.6276352802,,
1160,43.6011425551,,
1160.5,43.6011425551,,
1161,43.6011425551,,
1161.5,43.6011425551,,
1162,43.6011425551,,
1162.5,43.6011425551,,
1163,43.5746598251,,
1163.5,43.5746598251,,
1164,43.5746598251,,
1164.5,43.5746598251,,
1165,43.5746598251,,
1165.5,43.5479701215,,
1166,43.5479701215,,
1166.5,43.5479701215,,
1167,43.5215074035,,
1167.5,43.495054621,,
1168,43.495054621,,
1168.5,43.495054621,,
1169,43.4686117543,,
1169.5,43.495054621,,
1170,43.4686117543,,
1170.5,43.4686117543,,
1171,43.4686117543,,
1171.5,43.4686117543,,
1172,43.4686117543,,
1172.5,43.4686117543,,
1173,43.4686117543,,
1173.5,43.4686117543,,
1174,43.4686117543,,
1174.5,43.4686117543,,
1175,43.4686117543,,
1175.5,43.4421787837,,
1176,43.4421787837,,
1176.5,43.4421787837,,
1177,43.4421787837,,
1177.5,43.4421787837,,
1178,43.4157556897,,
1178.5,43.4157556897,,
1179,43.3893424527,,
1179.5,43.4157556897,,
1180,43.3893424527,,
1180.5,43.3893424527,,
1181,43.3893424527,,
1181.5,43.3893424527,,
1182,43.362939053,,
1182.5,43.3893424527,,
1183,43.362939053,,
1183.5,43.362939053,,
1184,43.362939053,,
1184.5,43.3365454711,,
1185,43.3365454711,,
1185.5,43.3101616876,,
1186,43.3101616876,,
1186.5,43.3101616876,,
1187,43.2835715429,,
1187.5,43.2835715429,,
1188,43.2835715429,,
1188.5,43.2835715429,,
1189,43.2572073776,,
1189.5,43.2572073776,,
1190,43.2308529521,,
1190.5,43.2308529521,,
1191,43.2308529521,,
1191.5,43.2308529521,,
1192,43.2308529521,,
1192.5,43.2308529521,,
1193,43.2045082471,,
1193.5,43.2045082471,,
1194,43.2045082471,,
1194.5,43.1781732432,,
1195,43.1781732432,,
1195.5,43.1781732432,,
1196,43.1781732432,,
1196.5,43.1781732432,,
1197,43.1781732432,,
1197.5,43.1781732432,,
1198,43.1781732432,,
1198.5,43.1518479212,,
1199,43.1781732432,,
1199.5,43.1518479212,,
1200,43.1518479212,,
1200.5,43.1255322617,,
1201,43.1255322617,,
1201.5,43.1255322617,,
1202,43.1255322617,,
1202.5,43.1255322617,,
1203,43.1255322617,,
1203.5,43.1255322617,,
1204,43.0992262455,,
1204.5,43.0992262455,,
1205,43.0992262455,,
1205.5,43.0729298533,,
1206,43.0729298533,,
1206.5,43.0729298533,,
1207,43.0729298533,,
1207.5,43.0729298533,,
1208,43.0464276401,,
1208.5,43.0464276401,,
1209,43.0464276401,,
1209.5,43.0464276401,,
1210,43.0464276401,,
1210.5,43.020150517,,
1211,43.020150517,,
1211.5,43.020150517,,
1212,42.9938829603,,
1212.5,43.020150517,,
1213,42.9938829603,,
1213.5,43.020150517,,
1214,42.9938829603,,
1214.5,42.9938829603,,
1215,42.9938829603,,
1215.5,42.9938829603,,
1216,42.967624951,,
1216.5,42.967624951,,
1217,42.967624951,,
1217.5,42.9413764699,,
1218,42.967624951,,
1218.5,42.967624951,,
1219,42.9413764699,,
1219.5,42.915137498,,
1220,42.9413764699,,
1220.5,42.915137498,,
1221,42.8889080163,,
1221.5,42.915137498,,
1222,42.8889080163,,
1222.5,42.8889080163,,
1223,42.8889080163,,
1223.5,42.8889080163,,
1224,42.8889080163,,
1224.5,42.8889080163,,
1225,42.8626880058,,
1225.5,42.8626880058,,
1226,42.8889080163,,
1226.5,42.8626880058,,
1227,42.8626880058,,
1227.5,42.8626880058,,
1228,42.8626880058,,
1228.5,42.8364774476,,
1229,42.8364774476,,
1229.5,42.8364774476,,
1230,42.8102763227,,
1230.5,42.8102763227,,
1231,42.8102763227,,
1231.5,42.8102763227,,
1232,42.783869965,,
1232.5,42.783869965,,
1233,42.783869965,,
1233.5,42.783869965,,
1234,42.783869965,,
1234.5,42.7576877272,,
1235,42.783869965,,
1235.5,42.7576877272,,
1236,42.7576877272,,
1236.5,42.7576877272,,
1237,42.7315148659,,
1237.5,42.7576877272,,
1238,42.7576877272,,
1238.5,42.7576877272,,
1239,42.7576877272,,
1239.5,42.7576877272,,
1240,42.7576877272,,
1240.5,42.7576877272,,
1241,42.7315148659,,
1241.5,42.7315148659,,
1242,42.7315148659,,
1242.5,42.7315148659,,
1243,42.7315148659,,
1243.5,42.7053513625,,
1244,42.7053513625,,
1244.5,42.7053513625,,
1245,42.7053513625,,
1245.5,42.6530523541,,
1246,42.6530523541,,
1246.5,42.6530523541,,
1247,42.6269168116,,
1247.5,42.6269168116,,
1248,42.6269168116,,
1248.5,42.600790552,,
1249,42.600790552,,
1249.5,42.600790552,,
1250,42.600790552,,
1250.5,42.5746735567,,
1251,42.5746735567,,
1251.5,42.5746735567,,
1252,42.5746735567,,
1252.5,42.5746735567,,
1253,42.5746735567,,
1253.5,42.5746735567,,
1254,42.548565807,,
1254.5,42.5746735567,,
1255,42.548565807,,
1255.5,42.548565807,,
1256,42.5746735567,,
1256.5,42.548565807,,
1257,42.548565807,,
1257.5,42.548565807,,
1258,42.5222534001,,
1258.5,42.5222534001,,
1259,42.5222534001,,
1259.5,42.4961641613,,
1260,42.4961641613,,
1260.5,42.4961641613,,
1261,42.4700841123,,
1261.5,42.4961641613,,
1262,42.4700841123,,
1262.5,42.4700841123,,
1263,42.4700841123,,
1263.5,42.4700841123,,
1264,42.4700841123,,
1264.5,42.4440132345,,
1265,42.4440132345,,
1265.5,42.4179515095,,
1266,42.4179515095,,
1266.5,42.4440132345,,
1267,42.3918989188,,
1267.5,42.3918989188,,
1268,42.3918989188,,
1268.5,42.365855444,,
1269,42.3918989188,,
1269.5,42.365855444,,
1270,42.365855444,,
1270.5,42.3398210667,,
1271,42.3398210667,,
1271.5,42.365855444,,
1272,42.3137957686,,
1272.5,42.3398210667,,
1273,42.3398210667,,
1273.5,42.3398210667,,
1274,42.3137957686,,
1274.5,42.3137957686,,
1275,42.3137957686,,
1275.5,42.3137957686,,
1276,42.3137957686,,
1276.5,42.3398210667,,
1277,42.3137957686,,
1277.5,42.3137957686,,
1278,42.3137957686,,
1278.5,42.3137957686,,
1279,42.2877795312,,
1279.5,42.3137957686,,
1280,42.2877795312,,
1280.5,42.2877795312,,
1281,42.2877795312,,
1281.5,42.2877795312,,
1282,42.2615591999,,
1282.5,42.2355611031,,
1283,42.2615591999,,
1283.5,42.2355611031,,
1284,42.2355611031,,
1284.5,42.2355611031,,
1285,42.2095720121,,
1285.5,42.2095720121,,
1286,42.2095720121,,
1286.5,42.2095720121,,
1287,42.2095720121,,
1287.5,42.2095720121,,
1288,42.1835919086,,
1288.5,42.1835919086,,
1289,42.1835919086,,
1289.5,42.1835919086,,
1290,42.1576207745,,
1290.5,42.1835919086,,
1291,42.1835919086,,
1291.5,42.1576207745,,
1292,42.1576207745,,
1292.5,42.1576207745,,
1293,42.1316585916,,
1293.5,42.1316585916,,
1294,42.1316585916,,
1294.5,42.1316585916,,
1295,42.1057053417,,
1295.5,42.1057053417,,
1296,42.1057053417,,
1296.5,42.1057053417,,
1297,42.0797610067,,
1297.5,42.0797610067,,
1298,42.0538255685,,
1298.5,42.0797610067,,
1299,42.0797610067,,
1299.5,42.0538255685,,
1300,42.0538255685,,
1300.5,42.0278990091,,
1301,42.0538255685,,
1301.5,42.0278990091,,
1302,42.0278990091,,
1302.5,42.0278990091,,
1303,42.0017689068,,
1303.5,42.0278990091,,
1304,42.0278990091,,
1304.5,42.0278990091,,
1305,42.0017689068,,
1305.5,42.0278990091,,
1306,42.0017689068,,
1306.5,42.0278990091,,
1307,42.0017689068,,
1307.5,42.0017689068,,
1308,42.0017689068,,
1308.5,42.0017689068,,
1309,41.9758601233,,
1309.5,41.9758601233,,
1310,41.9758601233,,
1310.5,41.9499601643,,
1311,41.9499601643,,
1311.5,41.9240690119,,
1312,41.9240690119,,
1312.5,41.9240690119,,
1313,41.8981866483,,
1313.5,41.8723130554,,
1314,41.8723130554,,
1314.5,41.8723130554,,
1315,41.8464482155,,
1315.5,41.8723130554,,
1316,41.8464482155,,
1316.5,41.8464482155,,
1317,41.8464482155,,
1317.5,41.8464482155,,
1318,41.8464482155,,
1318.5,41.8723130554,,
1319,41.8464482155,,
1319.5,41.8464482155,,
1320,41.8464482155,,
1320.5,41.8464482155,,
1321,41.8464482155,,
1321.5,41.8464482155,,
1322,41.8464482155,,
1322.5,41.8205921106,,
1323,41.8464482155,,
1323.5,41.8464482155,,
1324,41.8205921106,,
1324.5,41.8205921106,,
1325,41.8205921106,,
1325.5,41.794744723,,
1326,41.794744723,,
1326.5,41.8205921106,,
1327,41.8205921106,,
1327.5,41.794744723,,
1328,41.794744723,,
1328.5,41.7689060348,,
1329,41.7689060348,,
1329.5,41.7689060348,,
1330,41.7689060348,,
1330.5,41.7430760283,,
1331,41.7430760283,,
1331.5,41.7430760283,,
1332,41.7170430712,,
1332.5,41.7170430712,,
1333,41.6912304457,,
1333.5,41.6912304457,,
1334,41.6912304457,,
1334.5,41.6654264485,,
1335,41.6654264485,,
1335.5,41.6654264485,,
1336,41.6396310621,,
1336.5,41.6396310621,,
1337,41.6654264485,,
1337.5,41.6138442688,,
1338,41.6396310621,,
1338.5,41.6138442688,,
1339,41.6138442688,,
1339.5,41.6138442688,,
1340,41.6138442688,,
1340.5,41.6138442688,,
1341,41.6138442688,,
1341.5,41.6138442688,,
1342,41.6138442688,,
1342.5,41.6138442688,,
1343,41.6138442688,,
1343.5,41.6138442688,,
1344,41.6138442688,,
1344.5,41.6138442688,,
1345,41.6138442688,,
1345.5,41.6138442688,,
1346,41.5880660509,,
1346.5,41.5880660509,,
1347,41.5880660509,,
1347.5,41.5880660509,,
1348,41.562296391,,
1348.5,41.562296391,,
1349,41.562296391,,
1349.5,41.562296391,,
1350,41.562296391,,
1350.5,41.5365352713,,
1351,41.5365352713,,
1351.5,41.5107826745,,
1352,41.5107826745,,
1352.5,41.5107826745,,
1353,41.5107826745,,
1353.5,41.5107826745,,
1354,41.5107826745,,
1354.5,41.4848276009,,
1355,41.5107826745,,
1355.5,41.4590920666,,
1356,41.4590920666,,
1356.5,41.4590920666,,
1357,41.4590920666,,
1357.5,41.4333650026,,
1358,41.4333650026,,
1358.5,41.4333650026,,
1359,41.4076463913,,
1359.5,41.4333650026,,
1360,41.4076463913,,
1360.5,41.4076463913,,
1361,41.4076463913,,
1361.5,41.4076463913,,
1362,41.4076463913,,
1362.5,41.3819362153,,
1363,41.3819362153,,
1363.5,41.4076463913,,
1364,41.3819362153,,
1364.5,41.3819362153,,
1365,41.3819362153,,
1365.5,41.3819362153,,
1366,41.3562344573,,
1366.5,41.3819362153,,
1367,41.3819362153,,
1367.5,41.3819362153,,
1368,41.3562344573,,
1368.5,41.3562344573,,
1369,41.3562344573,,
1369.5,41.3562344573,,
1370,41.3562344573,,
